occ_code,occ_titl,group,tot_emp,emp_prse,h_mean,a_mean,mean_prse,h_wpct10,h_wpct25,h_median,h_wpct75,h_wpct90,a_wpct10,a_wpct25,a_median,a_wpct75,a_wpct90,annual,year
11-0000,Management Occupations,major,7782680,0.3,32.78,68190,0.2,14.05,19.95,29.47,42.8,63.80,29220,41500,61310,89020,132710,,2000
11-1011,Chief Executives,,519890,0.9,50.3,104630,0.5,22.3,34.99,54.72,#,#,46390,72780,113810,#,#,,2000
11-1021,General and Operations Managers,,2221590,0.5,33.76,70220,0.3,14.16,19.65,29.41,45.01,#,29450,40880,61160,93610,#,,2000
11-1031,Legislators,,52750,2.8,13.29,27650,1.9,5.56,6.03,6.78,16.69,30.22,11560,12530,14110,34720,62860,,2000
11-2011,Advertising and Promotions Managers,,93420,1.8,29.93,62260,1.1,13.39,17.48,25.66,39.13,57.36,27840,36370,53360,81400,119310,,2000
11-2021,Marketing Managers,,202100,1.6,36.23,75360,0.6,17.28,23.79,34.25,47.09,64.09,35950,49480,71240,97940,133300,,2000
11-2022,Sales Managers,,344180,1,35.69,74230,0.5,16.68,22.92,32.94,46.75,66.24,34700,47670,68520,97250,137780,,2000
11-2031,Public Relations Managers,,68000,4.4,29.54,61430,1.8,14.51,19.57,26.22,36.6,52.26,30180,40700,54540,76130,108710,,2000
11-3011,Administrative Services Managers,,344440,1.2,25.31,52650,0.7,11.44,15.65,22.63,32.51,43.33,23800,32550,47080,67630,90120,,2000
11-3021,Computer and Information Systems Managers,,283480,1.2,38.58,80250,0.5,21.2,28.67,37.9,48.47,61.28,44090,59640,78830,100820,127460,,2000
11-3031,Financial Managers,,622890,1.4,34.89,72570,0.9,17.33,23.15,32.22,44.03,63.04,36050,48150,67020,91580,131120,,2000
11-3040,Human Resources Managers,,224970,1.1,30.49,63420,0.5,16.04,20.96,28.36,38.65,50.01,33360,43600,59000,80390,104020,,2000
11-3051,Industrial Production Managers,,205370,0.8,31.55,65620,0.5,17.08,22.25,29.64,39.39,50.97,35530,46290,61660,81930,106020,,2000
11-3061,Purchasing Managers,,126030,1.1,27.64,57500,0.5,13.99,18.64,25.5,34.36,44.73,29100,38770,53030,71480,93040,,2000
11-3071,"Transportation, Storage, and Distribution Managers",,116680,1.3,27.98,58200,0.5,15.13,19.7,26.07,34.21,43.62,31470,40970,54230,71160,90730,,2000
11-9011,"Farm, Ranch, and Other Agricultural Managers",,5370,5.8,21.07,43820,1.9,10.07,13.85,18.46,26.05,36.26,20940,28810,38400,54190,75420,,2000
11-9021,Construction Managers,,229200,1.7,30.43,63290,0.8,16.74,21.5,28,36.78,49.45,34820,44710,58250,76510,102860,,2000
11-9031,"Education Administrators, Preschool and Child Care Center/Program",,49460,3.9,17.47,36330,1.9,8.78,10.97,14.62,21.22,31.27,18270,22810,30420,44140,65030,,2000
11-9032,"Education Administrators, Elementary and Secondary School",,196390,1.6,*,68940,2.1,*,*,*,*,*,46300,55150,66930,81840,96660,TRUE,2000
11-9033,"Education Administrators, Postsecondary",,92280,2.7,31.14,64770,0.9,15.7,20.72,28.6,39.7,52.54,32650,43100,59480,82580,109280,,2000
11-9041,Engineering Managers,,242280,1.8,41.08,85450,0.5,25.17,31.93,40.42,50.78,62.67,52350,66420,84070,105630,130350,,2000
11-9051,Food Service Managers,,282290,2.4,16.51,34350,0.9,9.23,11.78,15.25,19.71,25.53,19200,24500,31720,41000,53090,,2000
11-9061,Funeral Directors,,26110,5.6,23.4,48680,6,10.65,14.75,19.76,27.54,41.24,22140,30680,41110,57290,85780,,2000
11-9071,Gaming Managers,,3720,5.2,27.99,58220,1.7,13.38,18.37,25.66,34.02,48.05,27830,38220,53380,70770,99940,,2000
11-9081,Lodging Managers,,31890,4.6,16.73,34800,1,9.17,11.38,14.79,20.11,26.47,19080,23670,30770,41830,55050,,2000
11-9111,Medical and Health Services Managers,,230410,1.3,29.63,61640,0.5,16.93,21.38,27.1,34.88,47.07,35210,44460,56370,72550,97900,,2000
11-9121,Natural Sciences Managers,,38870,3,37.91,78850,1.2,20.73,27.08,36.48,48.44,61.58,43110,56320,75880,100760,128090,,2000
11-9131,Postmasters and Mail Superintendents,,26850,0,22.24,46260,0.1,17.01,18.61,21.28,26.3,31.23,35380,38710,44260,54690,64960,,2000
11-9141,"Property, Real Estate, and Community Association Managers",,145340,2.6,20.74,43130,1.7,8.04,11.59,17.32,25.85,38.64,16720,24100,36020,53780,80360,,2000
11-9151,Social and Community Service Managers,,93460,1.5,20.46,42550,0.6,11.27,14.33,18.81,25.06,32.65,23450,29800,39130,52130,67920,,2000
13-0000,Business and Financial Operations Occupations,major,4619270,0.5,23.3,48470,0.3,12.18,15.84,21.1,28.19,37.72,25340,32950,43900,58640,78450,,2000
13-1011,"Agents and Business Managers of Artists, Performers, and Athletes",,6600,20.6,30.81,64080,7.1,10.01,16.28,27.42,40.09,#,20810,33870,57040,83390,#,,2000
13-1021,"Purchasing Agents and Buyers, Farm Products",,17910,3.9,21.49,44690,2.1,10.36,14.02,18.06,25.29,38.62,21550,29150,37560,52600,80320,,2000
13-1022,"Wholesale and Retail Buyers, Except Farm Products",,137040,1.9,20.48,42590,0.8,10.37,13.21,17.89,24.79,34.02,21570,27480,37200,51560,70750,,2000
13-1023,"Purchasing Agents, Except Wholesale, Retail, and Farm Products",,228940,0.8,21.23,44160,0.4,12.33,15.41,19.89,25.88,32.68,25650,32050,41370,53830,67980,,2000
13-1031,"Claims Adjusters, Examiners, and Investigators",,189700,2.5,21.15,44000,0.7,12.43,15.37,19.75,26.11,32.75,25860,31960,41080,54300,68130,,2000
13-1032,"Insurance Appraisers, Auto Damage",,12320,9.8,19.49,40540,2.4,12.03,15.34,19.23,23.64,27.08,25030,31900,40000,49170,56330,,2000
13-1041,"Compliance Officers, Except Agriculture, Construction, Health and Safety, and Transportation",,126840,1.1,21.22,44140,0.4,12.48,15.4,19.67,25.72,32.94,25970,32020,40910,53490,68520,,2000
13-1051,Cost Estimators,,196420,1.5,23.59,49070,0.5,13.32,16.85,22.02,28.56,36.28,27710,35040,45800,59410,75460,,2000
13-1061,Emergency Management Specialists,,10730,3.2,20.73,43120,1.3,10.3,14.31,18.85,26.44,34.07,21420,29760,39210,54990,70860,,2000
13-1071,"Employment, Recruitment, and Placement Specialists",,188060,2.3,20.67,43000,1.3,10.83,13.48,17.54,24.76,34.15,22520,28040,36480,51500,71040,,2000
13-1072,"Compensation, Benefits, and Job Analysis Specialists",,84040,2.9,21.37,44450,0.8,12.1,15.44,20.03,25.78,32.92,25170,32120,41660,53620,68480,,2000
13-1073,Training and Development Specialists,,197610,1.8,20.95,43580,0.7,11.31,14.64,19.63,26.15,33.28,23520,30450,40830,54390,69230,,2000
13-1111,Management Analysts,,357610,2,29.01,60350,1,15.8,20.18,26.46,34.92,47.22,32860,41970,55040,72630,98210,,2000
13-1121,Meeting and Convention Planners,,32000,4.5,18.49,38450,0.9,10.86,13.36,17.09,21.9,28.29,22580,27790,35540,45560,58840,,2000
13-2011,Accountants and Auditors,,863320,1,23.12,48090,0.4,13.55,16.48,20.91,27.02,35.47,28190,34290,43500,56190,73770,,2000
13-2021,Appraisers and Assessors of Real Estate,,53560,5.9,20.05,41700,1.6,9.6,13.53,18.41,25.01,32.80,19970,28140,38300,52030,68230,,2000
13-2031,Budget Analysts,,63160,2.5,24.56,51080,0.8,15.03,18.46,23.25,29.34,35.59,31260,38400,48370,61030,74030,,2000
13-2041,Credit Analysts,,63420,5.2,21.87,45490,1.7,11.64,14.67,19.32,26.34,35.04,24220,30500,40180,54790,72880,,2000
13-2051,Financial Analysts,,159490,2.8,28.73,59760,1.5,15.33,19.33,25.2,34.06,48.92,31880,40210,52420,70840,101760,,2000
13-2052,Personal Financial Advisors,,77420,6.2,32.42,67430,3,12.07,16.55,26.6,46.33,#,25110,34420,55320,96360,#,,2000
13-2053,Insurance Underwriters,,96070,3.2,22.83,47490,1,13.12,16.01,20.74,27.54,35.61,27280,33300,43150,57280,74060,,2000
13-2061,Financial Examiners,,23560,3.3,28.12,58480,1.9,14.47,18.56,25.51,34.59,48.14,30090,38610,53060,71940,100130,,2000
13-2071,Loan Counselors,,25500,6.1,17.73,36870,2.4,10.03,12.16,15.46,20.92,29.99,20850,25290,32160,43510,62380,,2000
13-2072,Loan Officers,,203530,2.2,22.96,47760,1.1,11.64,14.72,19.92,27.52,39.73,24200,30610,41420,57250,82640,,2000
13-2081,"Tax Examiners, Collectors, and Revenue Agents",,67720,1.1,20.47,42580,0.7,10.67,14.12,19.32,26.64,33.09,22190,29370,40180,55410,68820,,2000
13-2082,Tax Preparers,,65280,5.5,14.77,30720,2.6,6.64,8.13,12.3,18.64,26.29,13820,16910,25580,38780,54680,,2000
15-0000,Computer and Mathematical Occupations,major,2932810,0.9,27.91,58050,0.4,14.51,19.5,26.49,34.94,43.66,30190,40560,55110,72670,90810,,2000
15-1011,"Computer and Information Scientists, Research",,25800,5.3,35.3,73430,1.3,19.9,26.3,33.94,43.26,54.57,41390,54700,70590,89990,113510,,2000
15-1021,Computer Programmers,,530730,2.8,29.31,60970,0.8,16.84,21.56,27.69,35.82,44.81,35020,44850,57590,74500,93210,,2000
15-1031,"Computer Software Engineers, Applications",,374640,2.8,33.8,70300,0.8,20.54,25.67,32.53,41.1,51.29,42710,53390,67670,85490,106680,,2000
15-1032,"Computer Software Engineers, Systems Software",,264610,3.5,34.08,70890,0.6,20.96,26.18,33.43,41.6,50.60,43600,54460,69530,86520,105240,,2000
15-1041,Computer Support Specialists,,522570,2.2,19.08,39680,0.9,10.22,13.31,17.53,23.29,30.52,21260,27680,36460,48440,63480,,2000
15-1051,Computer Systems Analysts,,463300,2,29.43,61210,0.6,18.01,22.59,28.53,35.2,42.81,37460,46980,59330,73210,89040,,2000
15-1061,Database Administrators,,108000,3,26.83,55810,0.8,14.13,18.37,24.99,34.35,42.94,29400,38210,51990,71440,89320,,2000
15-1071,Network and Computer Systems Administrators,,234040,1.6,25.81,53690,0.4,15.6,19.45,24.65,31.32,39.01,32450,40450,51280,65140,81150,,2000
15-1081,Network Systems and Data Communications Analysts,,119220,3.2,27.83,57890,1.1,16.04,20.34,26.2,33.64,42.61,33360,42310,54510,69970,88620,,2000
15-2011,Actuaries,,12890,4.5,34.84,72470,1.4,17.85,22.72,32.02,44.78,61.23,37130,47260,66590,93140,127360,,2000
15-2021,Mathematicians,,3140,7.9,32.58,67770,2.3,17.01,24.4,33,41.12,48.99,35390,50740,68640,85520,101900,,2000
15-2031,Operations Research Analysts,,59820,6.6,27.74,57700,1.7,15.32,19.49,25.69,34.03,42.73,31860,40530,53420,70790,88870,,2000
15-2041,Statisticians,,17520,7.2,26.26,54630,1.7,13.67,17.86,25,33.28,41.66,28430,37160,51990,69220,86660,,2000
15-2091,Mathematical Technicians,,1540,19,20.1,41800,5,10.96,13.44,16.73,21.71,38.49,22790,27950,34800,45150,80060,,2000
17-0000,Architecture and Engineering Occupations,major,2575620,0.9,25.99,54060,0.4,13.76,18.29,24.77,32.67,41.33,28630,38050,51530,67960,85960,,2000
17-1011,"Architects, Except Landscape and Naval",,74390,4.6,26.93,56020,1.3,15.64,19.74,25.24,32.56,41.19,32540,41060,52510,67720,85670,,2000
17-1012,Landscape Architects,,17130,8.8,23.61,49120,4.5,12.65,15.86,20.93,28.6,35.62,26300,32990,43540,59490,74100,,2000
17-1021,Cartographers and Photogrammetrists,,7360,5.9,19.98,41560,1.3,11.33,14.04,18.95,24.97,31.14,23560,29200,39410,51930,64780,,2000
17-1022,Surveyors,,52750,4.2,18.78,39060,1.3,9.41,12.73,17.64,23.57,30.28,19570,26480,36700,49030,62980,,2000
17-2011,Aerospace Engineers,,71550,8.8,33.19,69040,1.1,22.93,27.12,32.66,39.7,45.34,47700,56410,67930,82570,94310,,2000
17-2021,Agricultural Engineers,,2170,13.2,28.29,58840,3.8,16.18,21.26,26.85,34.36,44.04,33660,44220,55850,71460,91600,,2000
17-2031,Biomedical Engineers,,6600,12.1,29.36,61060,1.7,17.72,22,27.63,35.63,43.53,36860,45760,57480,74120,90530,,2000
17-2041,Chemical Engineers,,31530,4.1,32.29,67160,0.8,21.73,25.69,31.71,38.87,44.92,45200,53440,65960,80840,93430,,2000
17-2051,Civil Engineers,,207080,3.3,28.07,58380,0.5,18,21.7,26.8,33.4,41.35,37430,45150,55740,69470,86000,,2000
17-2061,Computer Hardware Engineers,,63680,4.4,33.7,70100,1,20.49,25.46,32.36,41.48,51.62,42620,52960,67300,86280,107360,,2000
17-2071,Electrical Engineers,,162400,3,31.89,66320,0.7,20.07,24.86,31.21,38.75,45.43,41740,51700,64910,80600,94490,,2000
17-2072,"Electronics Engineers, Except Computer",,123690,3.6,31.97,66490,0.6,20.71,25.21,31.17,38.44,45.35,43070,52430,64830,79960,94330,,2000
17-2081,Environmental Engineers,,48270,2.8,28.7,59710,0.7,17.89,21.99,27.78,34.27,41.96,37210,45740,57780,71280,87290,,2000
17-2111,"Health and Safety Engineers, Except Mining Safety Engineers and Inspectors",,42800,7.6,27.08,56340,1.4,16.69,21.27,26.26,32.45,39.58,34710,44230,54630,67500,82320,,2000
17-2112,Industrial Engineers,,171810,2.1,28.8,59900,0.5,18.33,22.85,28.16,34.16,41.52,38140,47530,58580,71050,86370,,2000
17-2121,Marine Engineers and Naval Architects,,4680,14,29.57,61500,1.8,17.13,22.32,29.27,36.84,43.15,35640,46430,60890,76620,89760,,2000
17-2131,Materials Engineers,,24430,3.5,29.05,60420,0.8,18.12,22.75,28.41,35.05,42.13,37680,47320,59100,72900,87630,,2000
17-2141,Mechanical Engineers,,207300,3.4,29.26,60860,1,18.64,22.88,28.23,35.02,42.60,38770,47600,58710,72850,88610,,2000
17-2151,"Mining and Geological Engineers, Including Mining Safety Engineers",,6690,8,30.96,64390,3.3,17.34,22.75,29.24,37.84,48.10,36070,47320,60820,78720,100050,,2000
17-2161,Nuclear Engineers,,12610,7.7,37.87,78770,1.1,27.9,32.5,38.15,42.94,50.93,58030,67590,79360,89310,105930,,2000
17-2171,Petroleum Engineers,,10250,12.7,38.42,79910,1.9,23.13,29.14,37.94,48.18,57.03,48120,60610,78910,100210,118630,,2000
17-3011,Architectural and Civil Drafters,,92610,3.3,17.84,37100,0.8,11.18,13.79,16.93,20.86,26.13,23250,28680,35220,43380,54340,,2000
17-3012,Electrical and Electronics Drafters,,38470,4.9,19.43,40420,1.2,11.3,14.19,18.37,23.76,29.46,23490,29520,38210,49420,61270,,2000
17-3013,Mechanical Drafters,,69620,2.4,19.39,40330,1.2,11.7,14.43,18.19,23.2,28.69,24340,30010,37840,48250,59680,,2000
17-3021,Aerospace Engineering and Operations Technicians,,19850,7.9,24,49920,1.4,15.91,19.34,23.37,27.56,33.51,33090,40220,48600,57320,69700,,2000
17-3022,Civil Engineering Technicians,,89200,3,17.84,37110,0.8,10.49,13.37,17.3,21.51,26.33,21830,27810,35990,44740,54770,,2000
17-3023,Electrical and Electronic Engineering Technicians,,244570,3.2,19.81,41210,0.9,12.12,15.18,19.24,23.88,28.04,25210,31570,40020,49680,58320,,2000
17-3024,Electro-Mechanical Technicians,,40770,4.6,18.57,38630,2,10.45,13.43,17.38,22.12,28.04,21740,27930,36150,46010,58320,,2000
17-3025,Environmental Engineering Technicians,,17530,5.2,17.55,36500,1.3,10.23,12.78,16.35,21.01,26.97,21290,26590,34000,43710,56100,,2000
17-3026,Industrial Engineering Technicians,,65220,3,21.31,44330,1.4,12.43,15.25,19.67,26.01,33.77,25860,31730,40910,54100,70240,,2000
17-3027,Mechanical Engineering Technicians,,58490,4.6,19.93,41460,1.5,12.51,15.25,19.03,23.72,29.01,26020,31710,39570,49330,60340,,2000
17-3031,Surveying and Mapping Technicians,,51640,3.8,14.61,30380,0.9,8.45,10.46,13.48,17.81,22.40,17580,21750,28030,37040,46590,,2000
19-0000,"Life, Physical, and Social Science Occupations",major,1038670,1.4,22.97,47790,0.6,11.13,14.96,20.72,28.51,39.12,23150,31130,43090,59310,81360,,2000
19-1010,Agricultural and Food Scientists,,21050,2.2,26.29,54680,0.7,15.34,19.58,25.08,31.91,40.26,31910,40720,52160,66370,83740,,2000
19-1021,Biochemists and Biophysicists,,13440,8.9,28.4,59070,1.8,15.53,19.22,26.07,35.81,44.87,32310,39980,54230,74490,93330,,2000
19-1022,Microbiologists,,15880,5.6,25.5,53040,2,14.63,18.32,23.51,31.2,40.77,30420,38110,48890,64890,84790,,2000
19-1023,Zoologists and Wildlife Biologists,,11710,6.7,21.94,45630,1.1,13.05,16.43,21.15,26.45,32.78,27140,34180,43980,55010,68190,,2000
19-1031,Conservation Scientists,,12980,1.7,22.99,47820,0.5,14.54,18.08,22.67,26.94,32.84,30240,37610,47140,56040,68300,,2000
19-1032,Foresters,,9890,2.4,21.62,44970,0.7,13.14,16.71,20.98,25.84,31.71,27330,34760,43640,53740,65960,,2000
19-1041,Epidemiologists,,2480,5.5,24.82,51630,2,14.94,18.71,23.27,28.16,37.80,31070,38930,48390,58570,78630,,2000
19-1042,"Medical Scientists, Except Epidemiologists",,35570,9.9,30.49,63430,3,15.12,19.88,27.79,38.28,53.85,31440,41350,57810,79610,112000,,2000
19-2011,Astronomers,,910,13.2,35.37,73580,2.3,18.42,23.37,35.82,46.14,54.11,38310,48610,74510,95970,112550,,2000
19-2012,Physicists,,8990,10.1,39.9,82990,1.9,24.85,31.64,40.06,49.17,55.91,51680,65820,83310,102270,116290,,2000
19-2021,Atmospheric and Space Scientists,,7290,7.2,28.01,58270,1.5,14.36,19.13,28.13,34.97,42.82,29880,39780,58510,72740,89060,,2000
19-2031,Chemists,,82320,3.4,26.1,54280,1.3,14.24,18.02,24.07,32.81,42.32,29620,37480,50080,68240,88030,,2000
19-2032,Materials Scientists,,8660,11.4,30.28,62980,3.1,15.92,21.44,29.14,38.81,47.99,33120,44600,60620,80720,99820,,2000
19-2041,"Environmental Scientists and Specialists, Including Health",,54860,2.7,23.12,48090,0.8,13.71,16.62,21.24,28.12,35.48,28520,34570,44180,58490,73790,,2000
19-2042,"Geoscientists, Except Hydrologists and Geographers",,21810,5,30.01,62420,1.7,16.3,20.83,27.04,37.11,50.98,33910,43320,56230,77180,106040,,2000
19-2043,Hydrologists,,7240,4.5,27.64,57490,1.1,17.27,21.03,26.64,32.93,40.99,35910,43740,55410,68500,85260,,2000
19-3011,Economists,,13680,6.4,33.56,69800,4.3,17.16,22.77,31.17,42.25,55.09,35690,47370,64830,87890,114580,,2000
19-3021,Market Research Analysts,,99030,2.9,27.21,56600,1.4,13.26,17.8,24.61,34.45,46.33,27570,37030,51190,71660,96360,,2000
19-3022,Survey Researchers,,25210,21.2,16.44,34180,3.6,7.24,8.33,12.6,22.99,34.52,15050,17330,26200,47820,71790,,2000
19-3031,"Clinical, Counseling, and School Psychologists",,103120,4.2,24.28,50510,1.4,13.51,17.26,23.23,29.84,36.94,28090,35900,48320,62080,76840,,2000
19-3032,Industrial-Organizational Psychologists,,1280,16,33.22,69090,2.5,17.51,23.75,32.15,41.74,53.11,36410,49390,66880,86810,110460,,2000
19-3041,Sociologists,,1360,14.5,24.16,50250,4.4,9.34,16.31,21.96,30.59,41.03,19420,33930,45670,63630,85350,,2000
19-3051,Urban and Regional Planners,,28850,3.8,23.36,48590,1.1,14.37,17.55,22.36,27.84,34.66,29890,36510,46500,57900,72090,,2000
19-3091,Anthropologists and Archeologists,,4140,9.9,18.87,39250,3,10.52,12.84,17.33,23.33,30.01,21880,26710,36040,48520,62430,,2000
19-3092,Geographers,,660,5.3,23.48,48840,1.4,14.79,17.97,22.45,28.54,33.47,30750,37380,46690,59370,69620,,2000
19-3093,Historians,,1880,7.5,20.25,42120,1.4,10.49,13.66,19.16,26.06,32.61,21830,28410,39860,54210,67830,,2000
19-3094,Political Scientists,,4250,11.6,37.92,78870,2.8,19.33,27.78,38.96,49.14,55.29,40200,57770,81040,102210,115000,,2000
19-4011,Agricultural and Food Science Technicians,,15260,7.8,14.34,29820,2.1,8.52,10.39,13.02,17,22.81,17720,21600,27080,35360,47450,,2000
19-4021,Biological Technicians,,41660,5.1,15.85,32970,0.8,9.75,12.05,15.16,19.16,23.42,20270,25060,31540,39840,48710,,2000
19-4031,Chemical Technicians,,74240,4.1,17.83,37080,1,10.54,13.33,17.05,21.66,26.45,21910,27730,35450,45060,55010,,2000
19-4041,Geological and Petroleum Technicians,,11120,15,19.11,39760,2.7,9.59,13.88,17.55,23.63,29.71,19940,28870,36490,49160,61790,,2000
19-4051,Nuclear Technicians,,4110,18.7,29.79,61970,3.1,18.57,23.68,28.44,36.81,43.60,38630,49240,59160,76570,90680,,2000
19-4091,"Environmental Science and Protection Technicians, Including Health",,24630,4.1,17.23,35830,0.9,9.81,12.5,16.26,21.13,26.29,20410,26000,33830,43950,54690,,2000
19-4092,Forensic Science Technicians,,6150,4.5,18.95,39410,1.6,11.49,14.16,18.04,23.22,28.13,23890,29450,37520,48300,58510,,2000
19-4093,Forest and Conservation Technicians,,15510,1.3,15.01,31210,0.4,8.93,11.23,14.22,17.53,21.07,18580,23350,29580,36470,43820,,2000
21-0000,Community and Social Services Occupations,major,1469000,0.9,15.82,32910,0.7,8.51,10.96,14.54,19.63,25.34,17710,22800,30240,40830,52700,,2000
21-1011,Substance Abuse and Behavioral Disorder Counselors,,56080,3.2,14.47,30100,0.9,9.06,11.19,13.71,16.95,20.78,18850,23280,28510,35250,43210,,2000
21-1012,"Educational, Vocational, and School Counselors",,188000,1.4,21.08,43850,2.2,11.33,15.21,20.24,25.93,32.29,23560,31640,42110,53930,67170,,2000
21-1013,Marriage and Family Therapists,,19420,5.4,17.66,36730,2.2,10.95,13.45,16.66,21.31,25.90,22770,27970,34660,44320,53880,,2000
21-1014,Mental Health Counselors,,65780,3.6,14.61,30390,1.1,8.9,10.68,13.25,17.38,22.25,18500,22220,27570,36150,46270,,2000
21-1015,Rehabilitation Counselors,,104850,2.9,13.06,27170,1.1,7.59,9.17,11.75,15.86,20.57,15790,19080,24450,33000,42790,,2000
21-1021,"Child, Family, and School Social Workers",,266570,1.9,16.12,33530,1.1,9.67,11.98,15.13,19.31,24.17,20120,24910,31470,40170,50280,,2000
21-1022,Medical and Public Health Social Workers,,103390,2.2,17.5,36400,0.7,10.81,13.37,16.73,20.89,25.56,22490,27800,34790,43450,53160,,2000
21-1023,Mental Health and Substance Abuse Social Workers,,79740,3,15.5,32240,0.8,9.28,11.46,14.5,18.84,23.44,19300,23840,30170,39190,48750,,2000
21-1091,Health Educators,,43670,3.8,17.61,36640,1,9.69,12.3,16.28,21.56,27.61,20150,25590,33860,44850,57430,,2000
21-1092,Probation Officers and Correctional Treatment Specialists,,80500,4.3,19.35,40240,1.1,12.02,14.55,18.34,23.57,28.37,25010,30270,38150,49030,59010,,2000
21-1093,Social and Human Service Assistants,,260910,1.9,11.46,23840,0.5,7.05,8.57,10.74,13.43,16.93,14660,17820,22330,27930,35220,,2000
21-2011,Clergy,,30980,4.8,16.23,33760,1.6,7.38,10.98,15.27,20.28,26.22,15350,22840,31760,42180,54550,,2000
21-2021,"Directors, Religious Activities and Education",,13610,8.8,14.38,29900,2.2,6.66,9.32,12.98,17.59,24.33,13850,19380,27000,36600,50600,,2000
23-0000,Legal Occupations,major,890910,1.5,33.14,68930,1.2,12.61,17.21,27.34,47.98,#,26230,35790,56880,99790,#,,2000
23-1011,Lawyers,,489530,2.1,43.9,91320,1.4,21.44,29.18,42.44,62.58,#,44590,60700,88280,130170,#,,2000
23-1021,"Administrative Law Judges, Adjudicators, and Hearing Officers",,12560,2.3,31.32,65150,0.7,15.85,20.6,29.44,40.15,53.65,32970,42850,61240,83510,111590,,2000
23-1022,"Arbitrators, Mediators, and Conciliators",,4850,13.2,24.68,51330,11,11.23,14.89,20.7,29.5,44.79,23360,30980,43060,61360,93170,,2000
23-1023,"Judges, Magistrate Judges, and Magistrates",,25190,2.8,37.85,78720,2,9.29,20.57,41.71,54.53,64.74,19320,42780,86760,113410,134660,,2000
23-2011,Paralegals and Legal Assistants,,179330,2.9,18.65,38790,3.1,11.22,13.8,17,21.64,26.95,23350,28700,35360,45010,56060,,2000
23-2091,Court Reporters,,15810,4.9,20.06,41730,2.5,9.01,13.77,19.07,24.87,33.20,18750,28630,39660,51740,69060,,2000
23-2092,Law Clerks,,29190,6,15.17,31550,1.9,8.14,10.37,13.71,17.78,23.24,16940,21560,28510,36990,48340,,2000
23-2093,"Title Examiners, Abstractors, and Searchers",,40000,3.5,16.32,33940,1.4,9.1,11.12,14.4,19.46,25.75,18920,23130,29950,40480,53570,,2000
25-0000,"Education, Training, and Library Occupations",major,7450860,0.7,18.22,37900,1,7.41,11.09,16.78,23.35,31.09,15420,23070,34900,48570,64670,,2000
25-1011,"Business Teachers, Postsecondary",,61860,3.2,*,58160,1.3,*,*,*,*,*,24980,37090,53840,76450,98290,TRUE,2000
25-1021,"Computer Science Teachers, Postsecondary",,27770,4.3,*,51260,1.1,*,*,*,*,*,24980,33850,46890,65910,85490,TRUE,2000
25-1022,"Mathematical Science Teachers, Postsecondary",,37660,3.1,*,51410,1,*,*,*,*,*,25290,35520,47440,64500,85010,TRUE,2000
25-1031,"Architecture Teachers, Postsecondary",,4620,8.8,*,52680,1.1,*,*,*,*,*,29670,39320,50800,65440,82120,TRUE,2000
25-1032,"Engineering Teachers, Postsecondary",,26940,5.6,*,67540,1.3,*,*,*,*,*,35540,48420,65640,85040,107980,TRUE,2000
25-1041,"Agricultural Sciences Teachers, Postsecondary",,10720,9.3,*,62540,1.8,*,*,*,*,*,31860,45550,62690,78920,93860,TRUE,2000
25-1042,"Biological Science Teachers, Postsecondary",,36910,4.7,*,61460,3.4,*,*,*,*,*,29770,39480,54450,77370,109660,TRUE,2000
25-1043,"Forestry and Conservation Science Teachers, Postsecondary",,1980,10,*,60950,2.3,*,*,*,*,*,36360,43670,58110,76320,92790,TRUE,2000
25-1051,"Atmospheric, Earth, Marine, and Space Sciences Teachers, Postsecondary",,8000,5.8,*,60080,1.8,*,*,*,*,*,29710,41670,56090,74940,99950,TRUE,2000
25-1052,"Chemistry Teachers, Postsecondary",,16020,4.8,*,56550,1.3,*,*,*,*,*,30870,40390,52530,69580,89390,TRUE,2000
25-1053,"Environmental Science Teachers, Postsecondary",,3530,7.5,*,58180,2,*,*,*,*,*,30400,40990,54410,72780,90990,TRUE,2000
25-1054,"Physics Teachers, Postsecondary",,11880,4.5,*,62740,1.2,*,*,*,*,*,32640,43920,58500,79870,103290,TRUE,2000
25-1061,"Anthropology and Archeology Teachers, Postsecondary",,4400,5.6,*,58620,1.7,*,*,*,*,*,30110,43940,56540,73190,88890,TRUE,2000
25-1062,"Area, Ethnic, and Cultural Studies Teachers, Postsecondary",,4070,9.4,*,56990,1.8,*,*,*,*,*,30780,39990,52290,70180,91440,TRUE,2000
25-1063,"Economics Teachers, Postsecondary",,11530,4.7,*,63860,1.3,*,*,*,*,*,32920,46280,61180,79770,100920,TRUE,2000
25-1064,"Geography Teachers, Postsecondary",,3570,4.7,*,56670,1.1,*,*,*,*,*,32760,41740,54080,70400,86300,TRUE,2000
25-1065,"Political Science Teachers, Postsecondary",,10820,3.8,*,56920,1.1,*,*,*,*,*,30400,40300,53520,70060,90920,TRUE,2000
25-1066,"Psychology Teachers, Postsecondary",,24000,2.8,*,55170,1,*,*,*,*,*,27230,38760,51640,68880,89770,TRUE,2000
25-1067,"Sociology Teachers, Postsecondary",,13760,7.1,*,50890,1.1,*,*,*,*,*,25780,36430,48010,63660,81780,TRUE,2000
25-1071,"Health Specialties Teachers, Postsecondary",,78680,7.9,*,67140,3.4,*,*,*,*,*,29550,41430,59220,87720,130190,TRUE,2000
25-1072,"Nursing Instructors and Teachers, Postsecondary",,35870,3.4,*,49130,0.9,*,*,*,*,*,29200,37560,47650,58550,71430,TRUE,2000
25-1081,"Education Teachers, Postsecondary",,41180,3.3,*,48310,1.4,*,*,*,*,*,24300,33910,44840,58780,78010,TRUE,2000
25-1082,"Library Science Teachers, Postsecondary",,4160,7.6,*,52140,1.3,*,*,*,*,*,30280,38490,49370,63240,82040,TRUE,2000
25-1111,"Criminal Justice and Law Enforcement Teachers, Postsecondary",,8480,7.2,*,44760,2.9,*,*,*,*,*,20190,28570,41350,55340,74310,TRUE,2000
25-1112,"Law Teachers, Postsecondary",,9500,7.2,*,75530,2.3,*,*,*,*,*,29540,42970,75190,104680,135840,TRUE,2000
25-1113,"Social Work Teachers, Postsecondary",,6570,4.9,*,50970,1.2,*,*,*,*,*,29240,38100,48640,61460,78700,TRUE,2000
25-1121,"Art, Drama, and Music Teachers, Postsecondary",,55160,4.3,*,49170,1.2,*,*,*,*,*,23120,33640,45530,61260,81710,TRUE,2000
25-1122,"Communications Teachers, Postsecondary",,18450,3.9,*,48900,1,*,*,*,*,*,26240,34670,45540,60220,78600,TRUE,2000
25-1123,"English Language and Literature Teachers, Postsecondary",,50560,3,*,47790,0.9,*,*,*,*,*,24000,32840,44310,58940,78390,TRUE,2000
25-1124,"Foreign Language and Literature Teachers, Postsecondary",,18380,3.6,*,48150,0.9,*,*,*,*,*,25680,34340,44380,58580,77660,TRUE,2000
25-1125,"History Teachers, Postsecondary",,16630,2.9,*,52280,0.8,*,*,*,*,*,28180,38070,49080,64970,83730,TRUE,2000
25-1126,"Philosophy and Religion Teachers, Postsecondary",,14000,4,*,50070,0.9,*,*,*,*,*,27450,36410,46170,61420,79500,TRUE,2000
25-1191,Graduate Teaching Assistants,,129270,8.4,*,24170,2.9,*,*,*,*,*,12580,14800,21960,31380,38300,TRUE,2000
25-1192,"Home Economics Teachers, Postsecondary",,4380,7.5,*,50350,2,*,*,*,*,*,23960,35220,46500,62550,84320,TRUE,2000
25-1193,"Recreation and Fitness Studies Teachers, Postsecondary",,14050,4.4,*,43810,1.3,*,*,*,*,*,19100,29760,42030,55120,70740,TRUE,2000
25-1194,"Vocational Education Teachers, Postsecondary",,115080,3.9,19.61,40790,0.9,10.5,13.83,18.35,24.03,31.54,21840,28770,38170,49990,65610,,2000
25-2011,"Preschool Teachers, Except Special Education",,357220,2.3,9.66,20100,0.8,6.01,7.01,8.56,11.15,15.11,12510,14590,17810,23200,31430,,2000
25-2012,"Kindergarten Teachers, Except Special Education",,155530,2.5,*,40230,3.5,*,*,*,*,*,23320,29830,37610,48860,61580,TRUE,2000
25-2021,"Elementary School Teachers, Except Special Education",,1409140,1.7,*,41980,1.6,*,*,*,*,*,25810,31590,39700,50640,62600,TRUE,2000
25-2022,"Middle School Teachers, Except Special and Vocational Education",,561200,2.2,*,41890,1.7,*,*,*,*,*,26560,31930,39750,50140,61130,TRUE,2000
25-2023,"Vocational Education Teachers, Middle School",,19010,13.7,*,40810,1.6,*,*,*,*,*,27040,32640,39330,46300,57590,TRUE,2000
25-2031,"Secondary School Teachers, Except Special and Vocational Education",,933800,1.9,*,43030,1.6,*,*,*,*,*,26260,32220,40870,52400,64920,TRUE,2000
25-2032,"Vocational Education Teachers, Secondary School",,103200,4.7,*,43240,0.5,*,*,*,*,*,28460,34030,42080,51950,61580,TRUE,2000
25-2041,"Special Education Teachers, Preschool, Kindergarten, and Elementary School",,208970,2.5,*,43700,3.3,*,*,*,*,*,26640,32330,40880,52440,66210,TRUE,2000
25-2042,"Special Education Teachers, Middle School",,87790,2.9,*,41730,3,*,*,*,*,*,26500,31360,38600,49150,61590,TRUE,2000
25-2043,"Special Education Teachers, Secondary School",,116760,2.7,*,44100,2.5,*,*,*,*,*,27180,32840,41290,52860,67030,TRUE,2000
25-3011,"Adult Literacy, Remedial Education, and Ged Teachers and Instructors",,53250,5.3,17.45,36300,2.1,9.47,12.2,16.12,21.17,28.50,19700,25380,33540,44030,59280,,2000
25-3021,Self-Enrichment Education Teachers,,125960,3.4,14.94,31070,1.3,6.96,9.48,13.44,18.63,25.38,14480,19710,27960,38740,52790,,2000
25-4010,"Archivists, Curators, and Museum Technicians",,18100,3.4,17.88,37190,1.7,9.23,11.9,15.9,21.87,29.56,19200,24740,33080,45490,61490,,2000
25-4021,Librarians,,139460,1.7,20.54,42730,0.6,12.03,15.79,20.05,25.06,30.28,25030,32840,41700,52110,62990,,2000
25-4031,Library Technicians,,100690,2.6,11.65,24230,0.8,6.64,8.57,11.14,14.35,17.14,13810,17820,23170,29840,35660,,2000
25-9011,Audio-Visual Collections Specialists,,8740,6.5,17.11,35590,3,8.02,10.71,16,22.17,28.37,16670,22290,33290,46120,59010,,2000
25-9021,Farm and Home Management Advisors,,10290,9.8,18.45,38370,1.6,8.62,12.44,17.45,23.82,29.61,17940,25870,36290,49540,61580,,2000
25-9031,Instructional Coordinators,,77100,3.2,22.27,46320,0.8,11.71,15.46,21.27,28.12,34.63,24370,32150,44230,58480,72020,,2000
25-9041,Teacher Assistants,,1159110,1.9,*,18770,1.4,*,*,*,*,*,12260,13930,17350,22080,27550,TRUE,2000
27-0000,"Arts, Design, Entertainment, Sports, and Media Occupations",major,1513420,1.7,18.58,38640,0.9,7.11,10.25,15.76,23.72,33.75,14780,21320,32770,49330,70210,,2000
27-1011,Art Directors,,20560,4.3,30.3,63020,1.5,14.48,19.85,27.35,38.63,52.62,30130,41290,56880,80350,109440,,2000
27-1013,"Fine Artists, Including Painters, Sculptors, and Illustrators",,11930,7.7,17.2,35770,2.8,7.06,9.84,15,20.54,28.16,14690,20460,31190,42720,58580,,2000
27-1014,Multi-Media Artists and Animators,,31120,5.2,21.47,44650,1.4,11.41,14.76,19.77,25.98,33.92,23740,30700,41130,54040,70560,,2000
27-1021,Commercial and Industrial Designers,,33910,5.3,24.55,51060,1.7,13.12,17.53,23.45,30.83,37.40,27290,36460,48780,64120,77790,,2000
27-1022,Fashion Designers,,10460,8.7,27.04,56240,2.3,11.88,16.73,23.33,35.47,49.99,24710,34800,48530,73780,103970,,2000
27-1023,Floral Designers,,71280,5,9.29,19330,1.2,6.04,7.16,8.83,10.63,13.39,12570,14900,18360,22110,27860,,2000
27-1024,Graphic Designers,,133630,2.2,18.25,37970,1.1,9.84,12.77,16.62,21.7,28.08,20480,26560,34570,45130,58400,,2000
27-1025,Interior Designers,,30680,5.7,19.55,40670,2.4,9.54,12.89,17.57,24.59,31.96,19840,26800,36540,51140,66470,,2000
27-1026,Merchandise Displayers and Window Trimmers,,51240,5.9,11.19,23280,1.3,6.63,8.06,10.06,12.91,16.89,13790,16770,20930,26840,35130,,2000
27-1027,Set and Exhibit Designers,,8470,12.6,16.26,33810,4.4,6.64,10.32,15.11,20.58,27.59,13820,21460,31440,42800,57400,,2000
27-2011,Actors,,63500,23.8,*,41570,7.7,*,*,*,*,*,12700,16950,25920,59760,93620,TRUE,2000
27-2012,Producers and Directors,,46750,6.6,*,48740,2.2,*,*,*,*,*,21050,29000,41030,60330,87770,TRUE,2000
27-2021,Athletes and Sports Competitors,,9920,11.8,*,62960,9.2,*,*,*,*,*,12630,17290,32700,#,#,TRUE,2000
27-2022,Coaches and Scouts,,68220,3.4,*,33470,1.4,*,*,*,*,*,13210,17870,28020,41920,58520,TRUE,2000
27-2023,"Umpires, Referees, and Other Sports Officials",,7820,13.7,*,23280,4.8,*,*,*,*,*,12550,14310,18540,28110,35830,TRUE,2000
27-2031,Dancers,,20900,24.9,13.44,27950,4.1,6.02,6.86,10.8,16.63,26.55,12520,14260,22470,34600,55220,,2000
27-2032,Choreographers,,10860,6.7,15.42,32080,3,6.43,8.64,12.99,20.23,26.83,13370,17970,27010,42080,55800,,2000
27-2041,Music Directors and Composers,,6660,4.9,*,36900,2.2,*,*,*,*,*,13530,21080,31510,45000,66140,TRUE,2000
27-2042,Musicians and Singers,,52180,5.4,*,44520,3.3,*,*,*,*,*,13250,19590,36740,59330,88640,TRUE,2000
27-3010,Announcers,,49770,2.9,13.13,27320,1.9,5.94,6.84,9.52,14.28,24.35,12360,14220,19800,29710,50660,,2000
27-3020,"News Analysts, Reporters and Correspondents",,65930,2.8,18.04,37510,1.9,7.95,10.25,14,21.89,33.32,16540,21320,29110,45540,69300,,2000
27-3031,Public Relations Specialists,,128570,2.2,21.01,43700,1,10.95,14.24,19.03,25.78,33.89,22780,29610,39580,53620,70480,,2000
27-3041,Editors,,104210,2.2,21.32,44350,1.1,10.8,13.88,18.93,26.12,35.26,22460,28880,39370,54320,73330,,2000
27-3042,Technical Writers,,50700,3.3,24.07,50060,1.1,13.89,17.92,22.98,28.85,35.75,28890,37280,47790,60000,74360,,2000
27-3043,Writers and Authors,,41410,3.7,22.81,47440,1.8,9.75,13.99,20.32,27.56,39.12,20290,29090,42270,57330,81370,,2000
27-3091,Interpreters and Translators,,16780,4.7,16.13,33550,2.1,8.71,11.37,14.95,19.51,25.44,18110,23650,31110,40570,52910,,2000
27-4011,Audio and Video Equipment Technicians,,34110,5.7,17.72,36860,3.2,8,10.57,14.57,21.62,33.04,16630,21980,30310,44970,68720,,2000
27-4012,Broadcast Technicians,,33560,4.7,15.89,33060,2.8,6.66,8.68,12.96,21.35,30.45,13860,18060,26950,44410,63340,,2000
27-4013,Radio Operators,,3060,8.5,15.89,33050,4.4,8.45,11.1,14.07,19.15,26.24,17570,23090,29260,39830,54590,,2000
27-4014,Sound Engineering Technicians,,10380,12.1,25.56,53170,7.8,8.44,11.89,18.98,35.44,57.40,17560,24730,39480,73720,119400,,2000
27-4021,Photographers,,65360,3.5,13.18,27420,2.2,6.62,8.07,10.72,15.87,22.55,13760,16790,22300,33020,46890,,2000
27-4031,"Camera Operators, Television, Video, and Motion Picture",,20970,6.9,16.28,33860,2.8,6.79,9.25,13.4,21.23,30.62,14130,19230,27870,44150,63690,,2000
27-4032,Film and Video Editors,,10990,6.6,19.81,41200,2.5,9.12,11.92,16.42,25,34.27,18970,24800,34160,52000,71280,,2000
29-0000,Healthcare Practitioners and Technical Occupations,major,6041210,0.6,23.07,47990,0.4,10.55,14.45,19.75,26.55,39.88,21940,30060,41080,55220,82950,,2000
29-1011,Chiropractors,,16740,13.1,35.96,74790,7.2,11.02,21.17,32.23,50.73,#,22910,44030,67030,105520,#,,2000
29-1020,Dentists,,90090,5.4,54.24,112820,2.8,28.13,40.93,62.04,#,#,58510,85130,129030,#,#,,2000
29-1031,Dietitians and Nutritionists,,43030,3.1,18.76,39020,1.2,11.38,14.94,18.48,22.09,26.41,23680,31070,38450,45950,54940,,2000
29-1041,Optometrists,,23880,7.2,40.86,84980,3.3,19.45,28.99,39.84,53.62,#,40450,60310,82860,111520,#,,2000
29-1051,Pharmacists,,212660,1.2,33.39,69440,0.3,24.79,29.74,34.11,39.27,42.79,51570,61860,70950,81690,89010,,2000
29-1061,Anesthesiologists,,24350,14.9,62.35,129680,7.1,42.39,61.34,#,#,#,88170,127580,#,#,#,,2000
29-1062,Family and General Practitioners,,132620,3.9,51.82,107780,1.9,21.62,42.43,54.89,#,#,44970,88260,114170,#,#,,2000
29-1063,"Internists, General",,50450,6.8,59.22,123180,3,37.36,53.8,68.46,#,#,77720,111890,142400,#,#,,2000
29-1064,Obstetricians and Gynecologists,,18240,7.2,64.16,133450,3.9,47.35,68.14,#,#,#,98490,141730,#,#,#,,2000
29-1065,"Pediatricians, General",,25580,9.5,56.26,117020,3.5,37.49,48.99,60.56,#,#,77980,101890,125970,#,#,,2000
29-1066,Psychiatrists,,21280,8.8,51.95,108060,2.2,24.49,41.75,57.04,#,#,50930,86830,118640,#,#,,2000
29-1067,Surgeons,,48770,5,66.06,137400,2.7,56.8,#,#,#,#,118150,#,#,#,#,,2000
29-1071,Physician Assistants,,55490,4.1,29.17,60680,1.4,15.72,23.06,29.76,35.52,42.36,32690,47970,61910,73890,88100,,2000
29-1081,Podiatrists,,7870,17.4,48.59,101070,5,23.14,37.23,51.71,64.86,#,48130,77440,107560,134900,#,,2000
29-1111,Registered Nurses,,2189670,0.9,22.31,46410,0.3,15.33,18.21,21.56,25.96,30.94,31890,37870,44840,54000,64360,,2000
29-1121,Audiologists,,11530,7,22.92,47670,2.2,14.83,17.79,21.56,26.58,32.97,30850,37000,44830,55290,68570,,2000
29-1122,Occupational Therapists,,75150,2.4,24.1,50140,0.9,15.4,19.45,23.77,27.83,34.05,32040,40460,49450,57890,70810,,2000
29-1123,Physical Therapists,,120410,1.9,27.62,57450,0.5,18.51,22.43,26.35,32.4,40.08,38510,46660,54810,67390,83370,,2000
29-1124,Radiation Therapists,,13100,12.8,25.59,53230,7.1,16.23,19.04,22.82,27.14,33.92,33770,39610,47470,56450,70550,,2000
29-1125,Recreational Therapists,,26940,2.2,14.23,29590,0.6,8.18,10.47,13.77,17.34,21.06,17010,21780,28650,36070,43810,,2000
29-1126,Respiratory Therapists,,82670,1.7,18.37,38220,0.4,13.76,15.45,18.11,20.88,24.35,28620,32140,37680,43430,50660,,2000
29-1127,Speech-Language Pathologists,,82850,2.7,23.31,48480,0.6,14.77,18.11,22.42,27.4,33.65,30720,37670,46640,56980,69980,,2000
29-1131,Veterinarians,,40270,2.2,32.99,68620,2.1,17.63,22.61,29.28,40.49,61.88,36670,47020,60910,84220,128720,,2000
29-2011,Medical and Clinical Laboratory Technologists,,144530,1.8,19.84,41260,0.4,14.06,16.45,19.48,22.82,26.71,29240,34220,40510,47460,55560,,2000
29-2012,Medical and Clinical Laboratory Technicians,,146060,2.3,13.93,28970,0.5,8.92,10.7,13.24,16.5,20.37,18550,22260,27540,34320,42370,,2000
29-2021,Dental Hygienists,,148460,3.7,24.99,51980,1.9,15.53,20.46,24.68,29.72,35.39,32310,42550,51330,61820,73620,,2000
29-2031,Cardiovascular Technologists and Technicians,,40080,4.1,16.81,34960,1,9.4,11.82,16.03,20.89,25.45,19540,24590,33350,43450,52930,,2000
29-2032,Diagnostic Medical Sonographers,,31760,3.1,22.03,45820,0.8,15.61,18.46,21.55,25.36,28.52,32470,38390,44820,52750,59310,,2000
29-2033,Nuclear Medicine Technologists,,18030,4.5,21.56,44850,1.1,15.34,18.34,21.22,25.09,28.13,31910,38150,44130,52190,58500,,2000
29-2034,Radiologic Technologists and Technicians,,172080,2,17.93,37290,0.5,12.17,14.53,17.31,20.85,25.02,25310,30220,36000,43380,52050,,2000
29-2041,Emergency Medical Technicians and Paramedics,,165530,2.4,11.89,24740,0.9,7.05,8.62,10.8,14.07,18.15,14660,17930,22460,29270,37760,,2000
29-2051,Dietetic Technicians,,28010,4,10.98,22830,1.3,6.35,7.65,10.26,13.29,16.43,13200,15920,21340,27630,34170,,2000
29-2052,Pharmacy Technicians,,190940,1.3,10.38,21600,0.4,7,8.12,9.93,12.26,14.56,14560,16900,20650,25490,30290,,2000
29-2053,Psychiatric Technicians,,53350,3.6,12.53,26060,1.5,7.77,9.22,11.74,15.43,18.90,16150,19180,24420,32090,39310,,2000
29-2054,Respiratory Therapy Technicians,,28230,5.7,16.46,34230,2.9,10.98,13.12,15.8,19.11,22.50,22830,27280,32860,39740,46800,,2000
29-2055,Surgical Technologists,,68590,3.1,14.26,29660,0.5,9.85,11.78,13.95,16.42,19.38,20490,24490,29020,34160,40310,,2000
29-2056,Veterinary Technologists and Technicians,,50370,2.4,10.93,22730,0.7,7.31,8.68,10.41,12.76,15.49,15200,18050,21640,26540,32230,,2000
29-2061,Licensed Practical and Licensed Vocational Nurses,,679470,1.1,14.65,30470,0.4,10.34,11.98,14.15,16.73,20.10,21520,24920,29440,34800,41800,,2000
29-2071,Medical Records and Health Information Technicians,,143870,2.1,11.74,24430,0.5,7.55,8.99,10.94,13.74,16.91,15710,18700,22750,28590,35170,,2000
29-2081,"Opticians, Dispensing",,66580,4.5,12.67,26360,1.3,7.65,9.23,11.75,15.28,19.07,15900,19200,24430,31770,39660,,2000
29-2091,Orthotists and Prosthetists,,4750,12.2,24.32,50590,5,10.4,14.68,21.99,31.31,40.30,21630,30530,45740,65130,83810,,2000
29-9010,Occupational Health and Safety Specialists and Technicians,,32390,3.1,21.34,44380,0.9,11.44,15.41,20.55,26.39,32.58,23780,32060,42750,54880,67760,,2000
29-9091,Athletic Trainers,,13820,12.6,*,33650,2.8,*,*,*,*,*,18170,24540,32080,40450,52440,TRUE,2000
31-0000,Healthcare Support Occupations,major,3039430,0.6,10.11,21040,0.3,6.67,7.76,9.5,11.87,14.83,13870,16150,19760,24690,30860,,2000
31-1011,Home Health Aides,,561120,2.1,8.71,18110,0.5,6.14,7.13,8.23,9.88,11.93,12770,14840,17120,20540,24810,,2000
31-1012,"Nursing Aides, Orderlies, and Attendants",,1273460,0.8,9.18,19100,0.3,6.48,7.51,8.89,10.59,12.69,13480,15620,18500,22030,26390,,2000
31-1013,Psychiatric Aides,,57680,6.6,10.79,22440,1,7.1,8.38,10.45,13.02,15.50,14760,17420,21740,27080,32240,,2000
31-2011,Occupational Therapist Assistants,,15910,3.1,16.76,34860,1,11.53,14.08,16.51,19.57,21.81,23970,29280,34340,40690,45370,,2000
31-2012,Occupational Therapist Aides,,8890,8.1,11.21,23330,2.4,6.91,7.94,9.96,13.69,17.26,14370,16510,20710,28470,35900,,2000
31-2021,Physical Therapist Assistants,,44120,2.7,16.52,34370,0.5,11.13,13.86,16.29,19.44,21.93,23150,28830,33870,40440,45610,,2000
31-2022,Physical Therapist Aides,,34620,3.7,10.06,20930,0.7,7.02,7.91,9.46,11.25,13.85,14590,16460,19670,23390,28800,,2000
31-9011,Massage Therapists,,24620,7.6,15.51,32270,3.7,6.29,8.32,13.07,21.87,29.51,13080,17300,27190,45500,61380,,2000
31-9091,Dental Assistants,,250870,2.5,12.86,26740,1.4,8.26,9.99,12.49,15.51,18.57,17190,20790,25970,32260,38630,,2000
31-9092,Medical Assistants,,330830,2.1,11.46,23840,0.6,8.03,9.35,11.06,13.2,15.79,16700,19460,23000,27460,32850,,2000
31-9093,Medical Equipment Preparers,,32760,3.7,10.68,22200,0.7,7.34,8.57,10.16,12.44,14.97,15260,17830,21140,25870,31130,,2000
31-9094,Medical Transcriptionists,,97330,2.2,12.37,25720,0.5,8.66,10.07,12.15,14.41,16.70,18020,20950,25270,29980,34740,,2000
31-9095,Pharmacy Aides,,59890,2.9,9.1,18930,0.7,6.12,7.16,8.52,10.58,13.14,12740,14890,17720,22010,27340,,2000
31-9096,Veterinary Assistants and Laboratory Animal Caretakers,,55210,2.6,8.55,17790,0.9,5.9,6.76,8,9.8,12.05,12270,14050,16640,20390,25070,,2000
33-0000,Protective Service Occupations,major,3009070,1.2,14.8,30780,1.2,6.85,8.53,12.82,19.62,26.17,14260,17750,26660,40810,54440,,2000
33-1011,First-Line Supervisors/Managers of Correctional Officers,,29380,3.5,21.33,44370,1.4,13.6,15.61,20.14,26.7,32.35,28280,32460,41880,55540,67280,,2000
33-1012,First-Line Supervisors/Managers of Police and Detectives,,113740,2.3,27.84,57900,1.1,16.66,20.98,27.5,33.98,41.37,34660,43630,57210,70680,86060,,2000
33-1021,First-Line Supervisors/Managers of Fire Fighting and Prevention Workers,,59500,3.3,25.47,52990,1.3,15.3,19.67,24.99,31.14,37.35,31820,40920,51990,64760,77700,,2000
33-2011,Fire Fighters,,251060,3.3,16.95,35260,1.5,8.03,11.82,16.43,21.75,26.58,16710,24580,34170,45240,55290,,2000
33-2021,Fire Inspectors and Investigators,,11900,6.6,20.58,42800,2.1,11.92,15.21,20.01,25.54,31.27,24790,31630,41630,53130,65030,,2000
33-2022,Forest Fire Inspectors and Prevention Specialists,,1040,4.4,15.82,32910,2.8,8.2,11.02,15.45,19.78,24.36,17060,22930,32140,41150,50680,,2000
33-3011,Bailiffs,,14000,4.5,15.85,32960,1.5,7.96,10.91,14.99,20.82,25.37,16550,22700,31180,43310,52780,,2000
33-3012,Correctional Officers and Jailers,,405360,2.6,15.71,32680,1.1,9.62,11.85,14.99,19.28,23.71,20010,24650,31170,40100,49310,,2000
33-3021,Detectives and Criminal Investigators,,87090,3.1,23.96,49830,1,14.23,17.9,23.5,29.69,34.69,29600,37240,48870,61750,72160,,2000
33-3031,Fish and Game Wardens,,7730,1.9,21.14,43970,0.5,12.48,15.65,19.2,23.31,32.23,25960,32550,39950,48490,67030,,2000
33-3041,Parking Enforcement Workers,,8040,7.7,12.67,26360,1.6,7.72,9.7,12.37,15.52,18.30,16050,20170,25740,32290,38060,,2000
33-3051,Police and Sheriff's Patrol Officers,,571210,1.9,19.52,40590,1,11.44,14.64,19.13,24.15,28.32,23790,30460,39790,50230,58900,,2000
33-3052,Transit and Railroad Police,,5760,20.9,19.98,41560,7.3,9.87,13.13,19.41,26.7,31.86,20520,27300,40370,55540,66270,,2000
33-9011,Animal Control Workers,,8060,4.5,11.76,24450,1.2,6.91,8.69,11.06,14.11,17.55,14380,18070,23000,29350,36500,,2000
33-9021,Private Detectives and Investigators,,28700,3.9,14.74,30650,1.4,7.79,9.63,12.86,18.38,25.10,16210,20040,26750,38240,52200,,2000
33-9031,Gaming Surveillance Officers and Gaming Investigators,,11550,8.5,10.82,22510,2.2,6.98,8.69,10.2,12.47,15.81,14520,18080,21220,25950,32890,,2000
33-9032,Security Guards,,1104400,2.4,9.36,19470,0.5,6.18,7.18,8.45,10.55,13.78,12860,14930,17570,21950,28660,,2000
33-9091,Crossing Guards,,72830,5.3,9.19,19110,2,5.89,6.66,8.37,10.94,13.48,12250,13850,17400,22750,28040,,2000
35-0000,Food Preparation and Serving Related Occupations,major,9955060,0.4,7.72,16070,0.3,5.59,6.08,6.81,8.48,11.03,11620,12660,14170,17640,22940,,2000
35-1011,Chefs and Head Cooks,,122860,6.1,13.73,28550,1.9,7.39,8.98,12.07,16.75,22.77,15380,18670,25110,34840,47350,,2000
35-1012,First-Line Supervisors/Managers of Food Preparation and Serving Workers,,624180,1.8,11.83,24600,0.7,7.15,8.54,10.91,14.09,18.14,14870,17760,22680,29300,37740,,2000
35-2011,"Cooks, Fast Food",,527500,4.8,6.78,14100,0.8,5.49,5.9,6.53,7.53,8.43,11420,12280,13590,15650,17530,,2000
35-2012,"Cooks, Institution and Cafeteria",,414100,1.4,8.68,18060,0.4,5.84,6.7,8.22,10.24,12.53,12150,13940,17090,21300,26050,,2000
35-2014,"Cooks, Restaurant",,642060,2.8,9.08,18880,0.9,6.3,7.35,8.72,10.33,12.43,13110,15280,18140,21490,25860,,2000
35-2015,"Cooks, Short Order",,192030,4.6,7.92,16480,0.9,5.67,6.32,7.55,9.2,10.83,11780,13140,15700,19130,22520,,2000
35-2021,Food Preparation Workers,,847810,3,7.78,16180,0.6,5.67,6.28,7.38,8.81,10.65,11790,13070,15360,18320,22150,,2000
35-3011,Bartenders,,379990,3.3,7.77,16150,1.1,5.59,6.1,6.86,8.44,11.14,11630,12700,14270,17550,23160,,2000
35-3021,"Combined Food Preparation and Serving Workers, Including Fast Food",,2159940,2.8,6.84,14240,0.5,5.51,5.92,6.52,7.52,8.64,11450,12320,13550,15640,17980,,2000
35-3022,"Counter Attendants, Cafeteria, Food Concession, and Coffee Shop",,445480,4.5,7.23,15030,0.8,5.59,6.07,6.72,8.05,9.92,11640,12630,13970,16740,20640,,2000
35-3031,Waiters and Waitresses,,2008760,1.6,7.09,14750,0.7,5.49,5.88,6.42,7.26,10.15,11420,12230,13350,15090,21120,,2000
35-3041,"Food Servers, Nonrestaurant",,199600,6.1,7.77,16170,1.2,5.61,6.16,7.07,8.87,11.12,11670,12820,14710,18440,23140,,2000
35-9011,Dining Room and Cafeteria Attendants and Bartender Helpers,,435500,3.1,6.95,14460,0.7,5.54,5.97,6.53,7.62,9.26,11530,12410,13580,15840,19260,,2000
35-9021,Dishwashers,,505500,2.5,7,14560,0.6,5.58,6.05,6.69,7.86,8.81,11610,12580,13920,16340,18330,,2000
35-9031,"Hosts and Hostesses, Restaurant, Lounge, and Coffee Shop",,312390,3,7.32,15230,0.6,5.65,6.18,6.95,8.11,9.59,11750,12850,14450,16870,19940,,2000
37-0000,Building and Grounds Cleaning and Maintenance Occupations,major,4318070,0.5,9.41,19570,0.3,5.96,6.85,8.36,10.9,14.54,12400,14250,17380,22680,30250,,2000
37-1011,First-Line Supervisors/Managers of Housekeeping and Janitorial Workers,,203840,1.2,13.38,27830,0.5,7.8,9.58,12.38,16.22,20.60,16220,19920,25760,33740,42850,,2000
37-1012,"First-Line Supervisors/Managers of Landscaping, Lawn Service, and Groundskeeping Workers",,95760,1.9,16.21,33720,1.2,9,11.37,14.7,19.42,25.44,18710,23640,30580,40390,52920,,2000
37-2011,"Janitors and Cleaners, Except Maids and Housekeeping Cleaners",,2083330,0.8,9.17,19080,0.5,5.9,6.74,8.26,10.74,14.03,12280,14030,17180,22340,29190,,2000
37-2012,Maids and Housekeeping Cleaners,,948230,1.1,7.78,16190,0.4,5.73,6.36,7.41,8.67,10.68,11910,13230,15410,18030,22200,,2000
37-2021,Pest Control Workers,,50840,7.4,11.55,24020,2.1,7.09,8.73,10.65,13.58,16.95,14750,18160,22150,28240,35260,,2000
37-3011,Landscaping and Groundskeeping Workers,,754340,1,9.63,20030,0.3,6.33,7.35,8.8,11,14.15,13160,15280,18300,22890,29420,,2000
37-3012,"Pesticide Handlers, Sprayers, and Applicators, Vegetation",,22200,5,11.74,24410,1.4,7.53,9.13,11.11,13.48,16.59,15670,18990,23100,28050,34520,,2000
37-3013,Tree Trimmers and Pruners,,44570,7.2,12.3,25590,1.8,7.47,8.93,11.41,14.82,19.14,15530,18570,23730,30830,39810,,2000
39-0000,Personal Care and Service Occupations,major,2700510,0.9,9.86,20510,0.9,5.8,6.53,8.04,10.75,16.45,12070,13590,16710,22350,34220,,2000
39-1011,Gaming Supervisors,,28480,4.8,18.35,38170,1.4,10.42,14.03,18.22,22.74,26.49,21670,29180,37900,47290,55100,,2000
39-1012,Slot Key Persons,,12950,5.6,11.34,23580,1.5,7.17,8.33,10.39,13.14,17.11,14910,17320,21620,27330,35590,,2000
39-1021,First-Line Supervisors/Managers of Personal Service Workers,,88940,2.5,14.59,30350,1,7.94,10.07,13.06,17.33,23.60,16520,20950,27160,36040,49090,,2000
39-2011,Animal Trainers,,6400,11.6,12.62,26260,4.8,6.25,7.59,10.54,16.19,20.85,13010,15790,21930,33670,43380,,2000
39-2021,Nonfarm Animal Caretakers,,86840,2.3,8.46,17600,0.8,5.78,6.48,7.67,9.59,12.70,12020,13470,15960,19940,26410,,2000
39-3011,Gaming Dealers,,84310,4.5,7.48,15550,2.6,5.49,5.87,6.41,6.95,12.00,11420,12200,13330,14460,24960,,2000
39-3012,Gaming and Sports Book Writers and Runners,,11680,7,8.79,18290,2.3,5.95,6.78,8.22,9.99,12.88,12380,14110,17100,20770,26790,,2000
39-3021,Motion Picture Projectionists,,8590,5.5,8.82,18350,3.6,5.63,6.16,7.08,9.24,15.21,11720,12820,14720,19210,31640,,2000
39-3031,"Ushers, Lobby Attendants, and Ticket Takers",,100060,7,7.88,16380,3.3,5.56,6.01,6.61,8.1,14.34,11550,12490,13740,16840,29820,,2000
39-3091,Amusement and Recreation Attendants,,197790,3.1,7.44,15480,0.7,5.58,6.05,6.72,8.16,10.28,11610,12590,13980,16980,21380,,2000
39-3092,Costume Attendants,,4290,13,11.92,24790,3.9,6.52,7.84,10.71,13.71,20.48,13550,16310,22280,28510,42600,,2000
39-3093,"Locker Room, Coatroom, and Dressing Room Attendants",,19880,2.8,8.08,16810,0.9,5.83,6.54,7.62,8.93,10.77,12120,13610,15860,18570,22400,,2000
39-4011,Embalmers,,7090,7.9,16.81,34970,2.4,9.06,12.43,15.8,20.08,25.06,18840,25840,32870,41760,52130,,2000
39-4021,Funeral Attendants,,27660,4.2,8.8,18310,2.2,5.79,6.61,8.14,10.14,13.12,12030,13750,16930,21080,27280,,2000
39-5011,Barbers,,13290,7.3,9.78,20340,2.2,5.78,6.53,8.53,11.8,15.89,12030,13580,17740,24540,33040,,2000
39-5012,"Hairdressers, Hairstylists, and Cosmetologists",,327140,1.8,9.96,20710,1,5.91,6.73,8.49,11.5,15.97,12280,14000,17660,23910,33220,,2000
39-5091,"Makeup Artists, Theatrical and Performance",,900,14.1,15.65,32550,6,7.39,9.21,12.33,20.43,30.75,15360,19150,25640,42490,63960,,2000
39-5092,Manicurists and Pedicurists,,28230,8.8,8.13,16920,2.2,5.72,6.3,7.42,9.14,12.01,11890,13100,15440,19010,24980,,2000
39-5093,Shampooers,,13140,8.9,6.97,14490,1.9,5.51,5.94,6.58,7.82,9.28,11470,12350,13690,16260,19310,,2000
39-5094,Skin Care Specialists,,13420,5.2,11.26,23420,1.9,6.11,7.2,9.65,13.43,19.81,12710,14980,20080,27940,41200,,2000
39-6011,Baggage Porters and Bellhops,,55450,4.2,9.78,20350,2.3,5.73,6.34,7.8,11.33,18.92,11910,13190,16210,23580,39350,,2000
39-6012,Concierges,,17960,9.1,10.78,22420,3.6,6.35,7.69,9.72,13.11,16.31,13210,15980,20210,27260,33930,,2000
39-6021,Tour Guides and Escorts,,30480,4.8,9.59,19940,1.6,5.94,6.72,8.5,11.24,14.26,12350,13970,17670,23390,29660,,2000
39-6022,Travel Guides,,5200,12.7,14.9,30990,9,7.82,9.67,12.12,16.03,27.97,16260,20100,25220,33340,58170,,2000
39-6031,Flight Attendants,,126380,6.8,*,***,***,*,*,*,*,*,***,***,***,***,***,TRUE,2000
39-6032,"Transportation Attendants, Except Flight Attendants and Baggage Porters",,23550,11.1,9.46,19680,2.2,5.95,6.74,8.48,10.94,15.11,12380,14010,17630,22760,31420,,2000
39-9011,Child Care Workers,,398090,2.5,7.86,16350,1,5.68,6.3,7.43,9.09,10.71,11810,13090,15460,18910,22270,,2000
39-9021,Personal and Home Care Aides,,371280,2.7,7.67,15960,0.6,5.74,6.43,7.5,8.53,10.13,11940,13370,15600,17750,21080,,2000
39-9031,Fitness Trainers and Aerobics Instructors,,157230,4,13.82,28750,2.1,6.32,7.65,10.96,17.84,25.98,13150,15900,22790,37110,54030,,2000
39-9032,Recreation Workers,,245720,2.9,9.32,19380,0.7,5.95,6.75,8.24,10.65,14.61,12370,14040,17130,22150,30390,,2000
39-9041,Residential Advisors,,42630,5.4,10.38,21600,0.9,6.59,7.83,9.65,12.14,15.70,13710,16290,20060,25250,32660,,2000
41-0000,Sales and Related Occupations,major,13506880,0.3,13.46,27990,0.3,5.99,6.95,9.33,15.82,26.37,12460,14450,19410,32900,54840,,2000
41-1011,First-Line Supervisors/Managers of Retail Sales Workers,,1269870,0.5,15.47,32170,0.3,8.13,10.12,13.23,17.88,25.28,16910,21050,27510,37200,52590,,2000
41-1012,First-Line Supervisors/Managers of Non-Retail Sales Workers,,322560,1.9,27.33,56850,0.6,11.47,15.99,23.54,34.99,51.69,23850,33270,48960,72770,107520,,2000
41-2011,Cashiers,,3338840,0.6,7.56,15730,0.3,5.61,6.14,6.95,8.27,10.39,11670,12760,14460,17210,21600,,2000
41-2012,Gaming Change Persons and Booth Cashiers,,38770,4.3,9.06,18850,1,6.22,7.3,8.79,10.38,12.27,12950,15180,18280,21590,25510,,2000
41-2021,Counter and Rental Clerks,,420510,1.9,8.98,18670,0.5,5.8,6.51,7.87,10.22,13.75,12070,13530,16370,21260,28610,,2000
41-2022,Parts Salespersons,,255300,1.5,12.12,25210,0.6,6.77,8.25,10.85,14.91,19.47,14070,17160,22570,31020,40500,,2000
41-2031,Retail Salespersons,,3964680,0.5,9.74,20260,0.3,5.86,6.63,8.02,10.54,15.86,12180,13790,16670,21920,33000,,2000
41-3011,Advertising Sales Agents,,151140,2.8,21.62,44960,1.6,8.93,12.07,17.24,26.77,41.94,18570,25110,35850,55680,87240,,2000
41-3021,Insurance Sales Agents,,240830,2.8,23.13,48100,1.3,9.65,12.94,18.63,28.55,44.00,20070,26920,38750,59370,91530,,2000
41-3031,"Securities, Commodities, and Financial Services Sales Agents",,269310,2.9,33.85,70410,1.9,11.91,16.17,26.96,51.83,#,24770,33630,56080,107810,#,,2000
41-3041,Travel Agents,,124030,2.5,12.79,26600,0.9,7.65,9.56,12.09,15.3,18.89,15900,19890,25150,31820,39300,,2000
41-4011,"Sales Representatives, Wholesale and Manufacturing, Technical and Scientific Products",,373630,1.6,28.19,58630,0.7,13.2,17.99,25.3,35.8,49.04,27450,37420,52620,74470,102000,,2000
41-4012,"Sales Representatives, Wholesale and Manufacturing, Except Technical and Scientific Products",,1379860,0.8,22.49,46770,0.4,10.31,13.87,19.4,27.54,39.82,21450,28850,40340,57280,82830,,2000
41-9011,Demonstrators and Product Promoters,,102650,4.5,11.76,24460,1.6,6.82,7.71,9.51,13.51,19.76,14180,16040,19770,28110,41090,,2000
41-9012,Models,,3590,15.8,11.05,22990,6.1,6.11,7,9.17,13.7,16.94,12700,14570,19080,28490,35220,,2000
41-9021,Real Estate Brokers,,31120,7.5,28.89,60080,2.7,8.69,14.72,22.93,38.58,69.02,18080,30630,47690,80250,143560,,2000
41-9022,Real Estate Sales Agents,,108880,4.4,18.25,37950,2.5,6.95,9.39,13.29,21.99,37.76,14460,19530,27640,45740,78540,,2000
41-9031,Sales Engineers,,88240,3.3,29.54,61450,1,16.32,21.27,27.17,36.65,45.94,33930,44240,56520,76230,95560,,2000
41-9041,Telemarketers,,461890,2.9,10.32,21460,0.9,6.29,7.4,9.06,11.91,16.25,13080,15400,18840,24760,33790,,2000
41-9091,"Door-To-Door Sales Workers, News and Street Vendors, and Related Workers",,33830,8.4,14.05,29220,3,6.27,7.77,11.56,17.47,25.55,13050,16160,24050,36340,53140,,2000
43-0000,Office and Administrative Support Occupations,major,22936140,0.3,12.64,26300,0.1,7.22,9,11.61,15.38,19.72,15010,18720,24140,31980,41020,,2000
43-1011,First-Line Supervisors/Managers of Office and Administrative Support Workers,,1394640,0.5,18.95,39410,0.2,10.61,13.5,17.51,22.76,29.13,22070,28090,36420,47350,60600,,2000
43-2011,"Switchboard Operators, Including Answering Service",,243100,2.1,10.05,20900,0.5,6.87,8.02,9.71,11.71,13.76,14290,16680,20210,24350,28620,,2000
43-2021,Telephone Operators,,52150,8.4,13.32,27710,1.8,7.23,9.4,13.46,16.76,19.57,15030,19550,27990,34850,40690,,2000
43-3011,Bill and Account Collectors,,387870,2.1,12.82,26670,0.5,8.38,9.9,12.17,15.01,18.16,17430,20580,25310,31220,37770,,2000
43-3021,Billing and Posting Clerks and Machine Operators,,492040,1.3,12.25,25480,0.3,8.27,9.73,11.81,14.21,16.86,17210,20230,24560,29550,35080,,2000
43-3031,"Bookkeeping, Accounting, and Auditing Clerks",,1663530,0.6,12.96,26950,0.2,7.94,9.83,12.34,15.46,18.94,16520,20450,25670,32160,39390,,2000
43-3041,Gaming Cage Workers,,21070,7.9,10.4,21620,1.2,7.44,8.52,9.99,11.98,13.67,15470,17730,20790,24910,28430,,2000
43-3051,Payroll and Timekeeping Clerks,,191310,1.1,13.57,28220,0.3,8.86,10.67,13.07,16.04,19.32,18420,22190,27180,33370,40190,,2000
43-3061,Procurement Clerks,,75960,1.3,13.64,28380,0.4,8.72,10.69,13.33,16.07,19.25,18130,22240,27720,33430,40040,,2000
43-3071,Tellers,,492950,1.9,9.4,19540,0.5,6.99,7.85,9.21,10.56,12.52,14540,16330,19170,21970,26050,,2000
43-4011,Brokerage Clerks,,80150,8.3,16.19,33680,1.9,9.63,12.01,14.93,18.84,24.72,20020,24970,31060,39180,51410,,2000
43-4021,Correspondence Clerks,,38560,4.2,12.09,25150,0.6,8.6,9.78,11.61,13.7,16.72,17890,20350,24150,28500,34780,,2000
43-4031,"Court, Municipal, and License Clerks",,97630,3.1,13.36,27780,1.1,8,9.93,12.57,15.86,20.04,16640,20660,26150,32980,41680,,2000
43-4041,"Credit Authorizers, Checkers, and Clerks",,82980,4.3,12.7,26420,0.8,7.91,9.52,11.81,15.03,18.82,16460,19810,24570,31270,39140,,2000
43-4051,Customer Service Representatives,,1907890,1,12.75,26530,0.3,7.73,9.42,11.83,15.25,19.56,16080,19600,24600,31720,40690,,2000
43-4061,"Eligibility Interviewers, Government Programs",,106570,4.7,14.54,30230,0.9,10.23,11.83,13.65,16.83,20.51,21280,24610,28380,35000,42650,,2000
43-4071,File Clerks,,264720,1.8,9.49,19730,0.4,6.34,7.41,8.99,10.87,13.49,13180,15420,18700,22620,28070,,2000
43-4081,"Hotel, Motel, and Resort Desk Clerks",,175150,1.5,8.22,17100,0.5,5.95,6.83,7.87,9.25,10.85,12370,14220,16380,19240,22570,,2000
43-4111,"Interviewers, Except Eligibility and Loan",,156340,2.4,10.75,22360,0.9,7.09,8.16,10.02,12.59,15.65,14740,16980,20840,26190,32550,,2000
43-4121,"Library Assistants, Clerical",,95100,3.5,9.32,19380,0.8,5.9,6.78,8.65,11.26,13.86,12270,14100,17980,23420,28830,,2000
43-4131,Loan Interviewers and Clerks,,140040,2.9,13.4,27870,0.6,8.77,10.36,12.7,15.77,19.44,18240,21550,26410,32800,40440,,2000
43-4141,New Accounts Clerks,,88390,4,11.71,24370,1.1,8.6,9.53,11.1,13.35,16.15,17880,19820,23090,27770,33600,,2000
43-4151,Order Clerks,,351580,1.5,12.08,25130,0.4,7.35,9.01,11.35,14.46,17.63,15300,18750,23620,30070,36660,,2000
43-4161,"Human Resources Assistants, Except Payroll and Timekeeping",,172070,1,14.13,29400,0.3,9.21,11.23,13.63,16.5,20.06,19150,23360,28340,34320,41720,,2000
43-4171,Receptionists and Information Clerks,,1054300,0.9,9.99,20780,0.3,6.67,7.86,9.63,11.73,13.94,13860,16360,20040,24390,29000,,2000
43-4181,Reservation and Transportation Ticket Agents and Travel Clerks,,199700,5.1,12.57,26140,1.4,7.53,8.96,10.87,16.29,20.47,15650,18640,22620,33890,42570,,2000
43-5011,Cargo and Freight Agents,,64320,4.3,14.63,30440,1.8,7.96,10.18,13.73,18.17,22.12,16550,21160,28560,37800,46020,,2000
43-5021,Couriers and Messengers,,130210,3.9,9.63,20030,0.9,6.2,7.25,8.96,11.14,13.97,12900,15080,18630,23170,29060,,2000
43-5031,"Police, Fire, and Ambulance Dispatchers",,82050,2.1,12.83,26680,0.8,7.89,9.78,12.38,15.6,18.86,16420,20350,25750,32440,39230,,2000
43-5032,"Dispatchers, Except Police, Fire, and Ambulance",,167180,1.8,14.62,30410,0.5,8.28,10.38,13.66,17.99,22.23,17220,21590,28410,37430,46230,,2000
43-5041,"Meter Readers, Utilities",,48950,3.3,14.02,29150,0.9,8.23,10.11,13.32,17.29,21.12,17120,21040,27710,35970,43940,,2000
43-5051,Postal Service Clerks,,80730,0,18.31,38080,0.3,15.37,17.38,18.75,20.13,20.96,31980,36140,39010,41870,43590,,2000
43-5052,Postal Service Mail Carriers,,354980,0,17.71,36830,0.3,12.57,16.16,18.47,20.16,21.17,26140,33620,38420,41930,44040,,2000
43-5053,"Postal Service Mail Sorters, Processors, and Processing Machine Operators",,231770,0,14.81,30810,0.3,9.11,10.85,15.42,18.9,20.47,18940,22560,32080,39300,42570,,2000
43-5061,"Production, Planning, and Expediting Clerks",,330120,2.3,15.64,32520,0.6,8.8,11.06,14.71,19.42,24.25,18300,23010,30590,40390,50440,,2000
43-5071,"Shipping, Receiving, and Traffic Clerks",,864530,0.7,11.22,23340,0.3,7.09,8.49,10.52,13.22,16.53,14750,17650,21880,27490,34370,,2000
43-5081,Stock Clerks and Order Fillers,,1771780,0.7,9.93,20650,0.2,6.11,7.15,8.75,11.69,16.33,12720,14880,18210,24320,33970,,2000
43-5111,"Weighers, Measurers, Checkers, and Samplers, Recordkeeping",,79480,3.2,12.62,26250,1.9,7.39,8.94,11.36,15.57,20.53,15370,18600,23640,32390,42700,,2000
43-6011,Executive Secretaries and Administrative Assistants,,1369960,0.7,15.63,32520,0.2,9.78,12,14.95,18.45,22.24,20350,24970,31090,38370,46250,,2000
43-6012,Legal Secretaries,,270670,2.6,17,35370,0.9,10.79,13.29,16.7,20.44,24.51,22440,27650,34740,42510,50970,,2000
43-6013,Medical Secretaries,,283150,2.1,11.76,24460,0.7,7.94,9.39,11.26,13.52,16.59,16510,19530,23430,28120,34510,,2000
43-6014,"Secretaries, Except Legal, Medical, and Executive",,1698080,0.7,11.98,24910,0.3,7.26,9.14,11.47,14.38,17.29,15110,19000,23870,29910,35950,,2000
43-9011,Computer Operators,,186460,2.1,14.15,29430,0.6,8.34,10.23,13.3,16.98,21.13,17350,21280,27670,35320,43950,,2000
43-9021,Data Entry Keyers,,458720,2.5,10.66,22170,0.4,7.28,8.58,10.24,12.41,14.86,15140,17850,21300,25820,30910,,2000
43-9022,Word Processors and Typists,,257020,3.8,12.22,25420,0.7,7.89,9.65,11.88,14.18,17.02,16410,20070,24710,29500,35410,,2000
43-9031,Desktop Publishers,,35460,3,15.72,32700,1.6,8.56,11,14.71,19.33,24.48,17800,22890,30600,40210,50920,,2000
43-9041,Insurance Claims and Policy Processing Clerks,,266650,2.7,14.72,30620,0.7,9.04,10.82,13.47,16.91,22.44,18800,22500,28010,35170,46680,,2000
43-9051,"Mail Clerks and Mail Machine Operators, Except Postal Service",,182460,3,9.96,20710,0.6,6.68,7.84,9.54,11.6,13.78,13900,16300,19840,24120,28660,,2000
43-9061,"Office Clerks, General",,2674710,0.7,10.72,22290,0.3,6.56,8.03,10.16,12.82,15.89,13650,16710,21130,26670,33050,,2000
43-9071,"Office Machine Operators, Except Computer",,86380,2.9,10.77,22400,0.7,7.07,8.16,10,12.53,15.72,14690,16970,20790,26070,32700,,2000
43-9081,Proofreaders and Copy Markers,,27800,4,11.89,24730,1.5,7.04,8.52,10.76,14.31,18.74,14640,17720,22390,29770,38990,,2000
43-9111,Statistical Assistants,,22050,4.1,14.22,29570,1.5,8.36,10.39,13.4,17.28,20.70,17390,21610,27870,35930,43060,,2000
45-0000,"Farming, Fishing, and Forestry Occupations",major,460700,1.8,9.07,18860,0.7,5.98,6.4,7.34,10.27,14.93,12430,13320,15260,21360,31060,,2000
45-1011,"First-Line Supervisors/Managers of Farming, Fishing, and Forestry Workers",,21350,5.1,16.72,34780,1.1,9.04,11.55,15.43,20.38,26.62,18790,24030,32090,42380,55370,,2000
45-1012,Farm Labor Contractors,,8290,19.5,8.95,18620,7.5,5.98,6.3,6.82,9.67,10.94,12440,13110,14190,20120,22750,,2000
45-2011,Agricultural Inspectors,,12210,13.9,14.72,30620,2.3,8.79,10.61,13.75,17.85,21.91,18280,22070,28590,37130,45570,,2000
45-2021,Animal Breeders,,1680,11.9,12.11,25200,4.5,6.64,8.09,10.28,13.93,21.05,13820,16830,21370,28980,43790,,2000
45-2041,"Graders and Sorters, Agricultural Products",,56210,4.3,8,16640,1.1,5.87,6.34,7.11,8.78,11.18,12200,13190,14790,18250,23250,,2000
45-2091,Agricultural Equipment Operators,,23230,12.3,8.66,18020,2,5.73,6.34,7.68,10.28,13.33,11920,13180,15960,21380,27730,,2000
45-2092,"Farmworkers and Laborers, Crop, Nursery, and Greenhouse",,215150,2.8,7.21,15000,0.8,5.91,6.21,6.64,7.67,9.46,12290,12920,13820,15960,19680,,2000
45-2093,"Farmworkers, Farm and Ranch Animals",,36270,4.8,8.18,17010,1,5.84,6.47,7.61,9.44,11.82,12150,13460,15830,19630,24590,,2000
45-4011,Forest and Conservation Workers,,9990,7.2,10.45,21730,2.2,6.04,6.71,8.97,12.88,17.21,12570,13960,18650,26790,35790,,2000
45-4021,Fallers,,9910,7.5,14.59,30350,5.6,6.88,8.82,12.33,17.14,27.38,14310,18330,25650,35640,56950,,2000
45-4022,Logging Equipment Operators,,34180,5.7,12.47,25930,2.6,7.44,9.5,12.07,15.21,17.59,15470,19770,25100,31630,36590,,2000
45-4023,Log Graders and Scalers,,5470,5.5,13.81,28730,1.3,8.66,10.67,13.07,16.38,20.17,18020,22190,27190,34080,41950,,2000
47-0000,Construction and Extraction Occupations,major,6187360,0.4,16.56,34440,0.3,8.58,10.96,15.14,20.97,26.97,17850,22790,31490,43630,56110,,2000
47-1011,First-Line Supervisors/Managers of Construction Trades and Extraction Workers,,502010,1,22.95,47740,0.4,13.78,17.03,21.53,27.25,34.03,28660,35430,44790,56690,70780,,2000
47-2011,Boilermakers,,25280,9.4,18.26,37980,2.2,9.6,14.06,17.8,23.19,26.81,19980,29250,37020,48230,55770,,2000
47-2021,Brickmasons and Blockmasons,,108590,3.5,19.78,41140,1.2,11.2,15,19.37,24.48,30.02,23300,31190,40280,50920,62450,,2000
47-2022,Stonemasons,,10100,9,15.57,32380,2.5,9.09,10.78,14.98,19.24,23.03,18910,22410,31150,40020,47910,,2000
47-2031,Carpenters,,858890,1.4,16.88,35100,0.6,9.48,11.99,15.69,20.86,26.73,19720,24940,32640,43400,55610,,2000
47-2041,Carpet Installers,,38010,5.6,15.88,33030,1.8,7.97,10.41,14.46,20.47,26.22,16590,21650,30070,42570,54530,,2000
47-2042,"Floor Layers, Except Carpet, Wood, and Hard Tiles",,12300,12.5,15.9,33070,3,8.06,10.53,14.81,20.21,26.01,16760,21900,30810,42030,54110,,2000
47-2043,Floor Sanders and Finishers,,7610,12.5,14.95,31100,4.4,8.75,10.51,13.17,17.8,24.72,18190,21860,27390,37030,51410,,2000
47-2044,Tile and Marble Setters,,27870,6.9,17.58,36580,2,9.58,12.54,16.49,21.93,26.61,19920,26080,34290,45620,55350,,2000
47-2051,Cement Masons and Concrete Finishers,,169550,5.1,14.92,31020,1.8,8.31,10.55,13.5,18.41,24.22,17280,21950,28070,38290,50370,,2000
47-2053,Terrazzo Workers and Finishers,,4510,16.6,15.76,32790,4.2,8.73,11.1,15.06,19.87,24.93,18170,23090,31320,41320,51850,,2000
47-2061,Construction Laborers,,821210,1.5,12.95,26940,0.6,7.22,8.79,11.15,16.23,21.88,15020,18290,23200,33760,45510,,2000
47-2071,"Paving, Surfacing, and Tamping Equipment Operators",,56330,3.2,14.47,30090,1.2,8.51,10.04,12.88,17.57,23.57,17700,20890,26780,36540,49030,,2000
47-2072,Pile-Driver Operators,,4320,9,19.99,41570,2.7,10.99,13.36,19.85,26.03,31.04,22850,27800,41290,54140,64560,,2000
47-2073,Operating Engineers and Other Construction Equipment Operators,,333200,1.4,17.39,36170,0.5,10,12.21,15.99,21.68,27.29,20810,25410,33250,45100,56760,,2000
47-2081,Drywall and Ceiling Tile Installers,,118280,3.2,17.11,35580,1.6,9.68,12.27,15.8,20.81,26.86,20130,25530,32870,43280,55870,,2000
47-2082,Tapers,,35440,4.1,18.6,38680,1.2,11.06,13.99,17.81,23.34,27.62,23010,29090,37050,48560,57460,,2000
47-2111,Electricians,,640260,1.6,20.29,42210,0.7,11.31,14.49,19.29,25.41,31.71,23530,30130,40120,52850,65960,,2000
47-2121,Glaziers,,46160,4.6,15.56,32360,1.5,8.5,10.88,14.32,19.35,25.78,17670,22630,29780,40240,53630,,2000
47-2130,Insulation Workers,,54710,5,14.86,30910,2.7,7.96,9.99,13.05,17,24.75,16560,20770,27130,35370,51470,,2000
47-2141,"Painters, Construction and Maintenance",,261040,1.5,14.24,29610,0.7,8.56,10.36,13.1,16.81,22.39,17800,21540,27250,34960,46570,,2000
47-2142,Paperhangers,,10690,10.5,15.62,32490,3.3,8.04,10.89,15.33,19.91,24.16,16720,22650,31880,41410,50240,,2000
47-2151,Pipelayers,,59560,4.1,14.53,30220,1.5,8.61,10.17,13.2,17.71,23.16,17900,21140,27450,36830,48160,,2000
47-2152,"Plumbers, Pipefitters, and Steamfitters",,437140,1.6,19.31,40170,0.7,10.71,14,18.19,24.24,30.06,22280,29130,37840,50420,62520,,2000
47-2161,Plasterers and Stucco Masons,,45150,4.9,16.91,35170,1.6,9.72,12.41,16,20.83,26.08,20220,25800,33290,43330,54240,,2000
47-2171,Reinforcing Iron and Rebar Workers,,27010,5.6,18.17,37800,1.8,9.9,12.57,16.78,23.64,27.86,20590,26150,34900,49170,57940,,2000
47-2181,Roofers,,114410,2.2,15.22,31670,1,8.68,10.72,13.95,18.86,24.47,18050,22300,29030,39230,50910,,2000
47-2211,Sheet Metal Workers,,218020,3,16.85,35050,1,8.9,11.32,15.31,21.36,27.54,18510,23550,31850,44440,57270,,2000
47-2221,Structural Iron and Steel Workers,,81710,4.1,18.82,39140,1.5,10.05,13.34,17.92,24.16,29.62,20910,27740,37270,50250,61600,,2000
47-3011,"Helpers--Brickmasons, Blockmasons, Stonemasons, and Tile and Marble Setters",,58090,4.2,12.39,25780,1.6,7.54,9.16,10.95,14.48,20.21,15680,19050,22780,30130,42030,,2000
47-3012,Helpers--Carpenters,,99170,3.9,10.37,21570,1.3,6.86,8.11,9.91,12.09,14.32,14260,16860,20610,25140,29780,,2000
47-3013,Helpers--Electricians,,112820,3.9,10.93,22740,1,7.3,8.65,10.27,12.71,15.88,15190,18000,21370,26450,33040,,2000
47-3014,"Helpers--Painters, Paperhangers, Plasterers, and Stucco Masons",,26910,4.4,10.28,21380,2.3,6.64,7.62,9.28,11.84,15.76,13820,15850,19290,24620,32780,,2000
47-3015,"Helpers--Pipelayers, Plumbers, Pipefitters, and Steamfitters",,85320,3.6,10.79,22450,0.8,7.29,8.6,10.21,12.52,15.36,15160,17880,21240,26050,31960,,2000
47-3016,Helpers--Roofers,,24160,4,9.77,20320,1.4,6.86,7.8,9.35,11.09,13.61,14260,16220,19440,23060,28310,,2000
47-4011,Construction and Building Inspectors,,68690,3.1,19.1,39730,0.7,11.72,14.73,18.63,23.01,27.20,24370,30640,38750,47860,56570,,2000
47-4021,Elevator Installers and Repairers,,25100,8.8,22.23,46240,1.7,11.19,16.38,22.78,27.38,33.23,23280,34070,47380,56950,69120,,2000
47-4031,Fence Erectors,,18370,10.2,12.02,25010,2.8,7.16,8.6,10.53,14.53,19.56,14890,17890,21900,30230,40690,,2000
47-4041,Hazardous Materials Removal Workers,,34070,5.2,15.21,31630,1.3,9.33,11.34,13.71,18.56,24.01,19410,23600,28520,38600,49950,,2000
47-4051,Highway Maintenance Workers,,145790,2.5,13.21,27480,1,7.87,9.93,12.82,16.16,19.59,16370,20650,26660,33610,40740,,2000
47-4061,Rail-Track Laying and Maintenance Equipment Operators,,9940,9.6,14.84,30870,2.2,8.94,11.65,14.93,17.33,20.79,18590,24230,31060,36050,43230,,2000
47-4071,Septic Tank Servicers and Sewer Pipe Cleaners,,15040,10.4,13.91,28930,5.3,7.12,9.79,13.02,16.47,20.81,14810,20370,27080,34260,43290,,2000
47-4091,Segmental Pavers,,2680,18.5,13.48,28050,4.5,7.92,10.05,12.46,16.16,21.93,16480,20910,25910,33620,45620,,2000
47-5011,"Derrick Operators, Oil and Gas",,15540,8.5,13.42,27910,2.2,9.21,10.42,12.41,15.43,19.76,19160,21660,25810,32100,41100,,2000
47-5012,"Rotary Drill Operators, Oil and Gas",,15500,13.9,15.99,33270,2.6,9.78,11.67,14.83,18.55,23.14,20330,24280,30860,38580,48140,,2000
47-5013,"Service Unit Operators, Oil, Gas, and Mining",,11020,10.9,13.34,27750,2.3,8.47,9.97,12.12,15.27,20.61,17620,20740,25220,31770,42870,,2000
47-5021,"Earth Drillers, Except Oil and Gas",,19860,4.8,15.39,32010,1.3,9.36,11.59,14.68,18.3,22.08,19480,24100,30530,38060,45930,,2000
47-5031,"Explosives Workers, Ordnance Handling Experts, and Blasters",,4680,6.7,16.15,33590,1.8,10.73,13.18,15.84,18.99,21.36,22310,27420,32950,39500,44420,,2000
47-5041,Continuous Mining Machine Operators,,9480,8.6,16.05,33380,1.7,10.79,12.92,15.64,18.91,22.08,22450,26860,32530,39330,45920,,2000
47-5042,Mine Cutting and Channeling Machine Operators,,6710,10.6,16.68,34690,2.1,11.4,13.96,16.65,19.72,21.59,23720,29030,34630,41030,44900,,2000
47-5051,"Rock Splitters, Quarry",,2600,7.6,13.1,27250,2.3,8.48,10.09,12.43,15.14,18.25,17640,20980,25860,31480,37960,,2000
47-5061,"Roof Bolters, Mining",,3460,9.1,17.19,35760,1.8,12.35,14.35,17.21,20.05,21.96,25680,29860,35790,41710,45670,,2000
47-5071,"Roustabouts, Oil and Gas",,38590,13.8,10.88,22640,3.9,7.07,7.85,9.83,13.19,16.52,14710,16320,20450,27430,34360,,2000
47-5081,Helpers--Extraction Workers,,30760,6.5,11.72,24380,1.4,7.55,9.03,10.99,13.71,16.59,15710,18790,22850,28520,34510,,2000
49-0000,"Installation, Maintenance, and Repair Occupations",major,5318490,0.5,16.23,33760,0.2,8.55,11.17,15.36,20.43,25.66,17790,23230,31940,42490,53380,,2000
49-1011,"First-Line Supervisors/Managers of Mechanics, Installers, and Repairers",,421740,0.9,22.39,46560,0.3,12.91,16.48,21.27,27.05,33.70,26860,34280,44250,56250,70090,,2000
49-2011,"Computer, Automated Teller, and Office Machine Repairers",,142390,3.3,15.8,32860,0.6,9.5,11.8,15.08,19.2,23.42,19760,24540,31380,39930,48720,,2000
49-2021,Radio Mechanics,,7110,20.6,16.73,34800,2,9.39,12.57,15.86,20.6,25.62,19540,26140,32990,42840,53290,,2000
49-2022,"Telecommunications Equipment Installers and Repairers, Except Line Installers",,192470,4,20.44,42520,0.8,12.04,16.55,21.17,24.99,27.23,25050,34430,44030,51990,56630,,2000
49-2091,Avionics Technicians,,15360,6,20,41600,2,13.22,16.31,19.86,24.01,27.02,27490,33920,41300,49930,56190,,2000
49-2092,"Electric Motor, Power Tool, and Related Repairers",,36620,3.5,16.38,34070,1.2,9.13,11.91,15.8,20.04,25.17,18980,24770,32860,41690,52360,,2000
49-2093,"Electrical and Electronics Installers and Repairers, Transportation Equipment",,15930,6.6,17.16,35690,2.5,9.6,12.25,16.93,21.54,25.76,19970,25490,35210,44800,53570,,2000
49-2094,"Electrical and Electronics Repairers, Commercial and Industrial Equipment",,81760,3.5,17.88,37190,0.8,10.9,13.92,17.75,21.32,25.78,22670,28960,36910,44350,53620,,2000
49-2095,"Electrical and Electronics Repairers, Powerhouse, Substation, and Relay",,19300,4.7,22.35,46490,0.8,14.79,19.07,23.34,26.21,29.00,30760,39670,48540,54510,60320,,2000
49-2096,"Electronic Equipment Installers and Repairers, Motor Vehicles",,12480,9.3,12.71,26440,2,7.98,9.6,12.06,15.25,18.69,16600,19970,25080,31720,38870,,2000
49-2097,Electronic Home Entertainment Equipment Installers and Repairers,,29550,4.7,13.55,28190,1.1,7.84,9.9,12.72,16.63,20.72,16300,20600,26450,34600,43090,,2000
49-2098,Security and Fire Alarm Systems Installers,,38810,7.4,15.92,33100,4.3,9.29,11.57,14.66,18.83,24.10,19320,24060,30490,39170,50140,,2000
49-3011,Aircraft Mechanics and Service Technicians,,135730,5.3,19.49,40550,1.3,12.06,15.65,19.5,23.65,26.97,25080,32550,40550,49190,56100,,2000
49-3021,Automotive Body and Related Repairers,,168170,3.3,16.21,33710,1.2,8.49,11.12,15,20.02,26.06,17660,23120,31190,41650,54200,,2000
49-3022,Automotive Glass Installers and Repairers,,21240,10.5,13.03,27090,2.4,8.03,9.65,12.46,15.86,19.18,16710,20070,25920,32980,39890,,2000
49-3023,Automotive Service Technicians and Mechanics,,692570,1.5,14.8,30780,0.7,7.59,9.86,13.7,18.67,23.67,15780,20510,28490,38840,49230,,2000
49-3031,Bus and Truck Mechanics and Diesel Engine Specialists,,258800,1.8,15.97,33210,0.4,9.88,12.33,15.55,19.3,22.63,20550,25650,32350,40140,47070,,2000
49-3041,Farm Equipment Mechanics,,37010,3.6,12.83,26690,1.2,8.15,9.99,12.38,15.29,18.23,16950,20770,25760,31800,37910,,2000
49-3042,"Mobile Heavy Equipment Mechanics, Except Engines",,118300,1.9,16.73,34790,0.4,10.93,13.32,16.32,19.86,23.29,22740,27700,33950,41300,48440,,2000
49-3043,Rail Car Repairers,,10620,6.6,15.85,32960,2.4,9.78,12.31,16.19,19.34,21.19,20340,25610,33670,40230,44070,,2000
49-3051,Motorboat Mechanics,,19040,3.8,13.49,28060,1.1,8.33,9.98,12.82,16.19,19.95,17320,20760,26660,33680,41490,,2000
49-3052,Motorcycle Mechanics,,11720,3.6,12.9,26820,1.2,7.68,9.45,12.07,15.62,19.80,15980,19660,25100,32490,41180,,2000
49-3053,Outdoor Power Equipment and Other Small Engine Mechanics,,25760,3.8,11.86,24670,0.9,7.13,9.1,11.43,14.12,16.95,14830,18930,23780,29370,35250,,2000
49-3091,Bicycle Repairers,,7940,10.3,9.04,18810,2.2,6.17,7.22,8.67,10.58,12.56,12830,15010,18030,22000,26130,,2000
49-3092,Recreational Vehicle Service Technicians,,12200,5.4,12.79,26610,1.1,7.88,9.66,12.2,15.29,18.66,16380,20080,25370,31810,38800,,2000
49-3093,Tire Repairers and Changers,,88530,3.4,9.66,20100,1,6.77,7.64,9.02,10.76,13.66,14070,15900,18750,22390,28410,,2000
49-9011,Mechanical Door Repairers,,10460,10.3,14.41,29980,2.2,8.95,10.71,13.77,17.15,21.02,18610,22280,28630,35670,43720,,2000
49-9012,"Control and Valve Installers and Repairers, Except Mechanical Door",,34910,4,19.66,40890,1,11.28,14.74,19.87,24.54,27.49,23470,30660,41330,51050,57180,,2000
49-9021,"Heating, Air Conditioning, and Refrigeration Mechanics and Installers",,197930,2.3,16.43,34180,0.8,9.71,12.25,15.76,19.92,24.58,20190,25470,32770,41440,51130,,2000
49-9031,Home Appliance Repairers,,33910,5.1,14.8,30790,1.3,8.32,10.5,13.87,18.29,21.99,17300,21840,28860,38040,45750,,2000
49-9041,Industrial Machinery Mechanics,,192180,2.1,18.02,37490,0.6,11.31,13.73,17.3,21.93,26.26,23530,28550,35980,45610,54620,,2000
49-9042,"Maintenance and Repair Workers, General",,1216250,0.8,14.14,29420,0.3,7.84,10.05,13.39,17.47,21.43,16320,20900,27850,36350,44570,,2000
49-9043,"Maintenance Workers, Machinery",,107500,2.1,15.47,32170,0.6,9.2,11.54,14.89,18.79,22.74,19150,24010,30970,39070,47310,,2000
49-9044,Millwrights,,75940,3.9,19.42,40400,1,12.02,15.19,19.33,23.98,27.07,25000,31600,40210,49880,56300,,2000
49-9045,"Refractory Materials Repairers, Except Brickmasons",,3640,12.3,16.64,34620,2,11.01,13.31,16.82,19.7,21.42,22910,27690,34990,40980,44540,,2000
49-9051,Electrical Power-Line Installers and Repairers,,96200,2.9,21.39,44490,0.9,12.36,16.99,22.01,26.09,30.35,25710,35330,45780,54280,63130,,2000
49-9052,Telecommunications Line Installers and Repairers,,168480,2.9,18.29,38050,0.8,9.79,12.82,18.32,23.82,26.68,20360,26670,38110,49540,55490,,2000
49-9061,Camera and Photographic Equipment Repairers,,5080,14.6,14.53,30230,3.2,7.57,9.72,13.94,17.94,21.84,15750,20230,28990,37310,45430,,2000
49-9062,Medical Equipment Repairers,,22020,5.1,18.02,37470,1.6,10.47,13.48,16.99,21.66,26.84,21790,28040,35340,45040,55820,,2000
49-9063,Musical Instrument Repairers and Tuners,,5620,19,17.26,35900,13.4,7.34,10.11,15.1,25,31.47,15270,21030,31410,52010,65460,,2000
49-9064,Watch Repairers,,4000,8.1,13.12,27290,2.6,6.48,8.89,12.08,16.39,20.96,13480,18490,25130,34090,43590,,2000
49-9091,"Coin, Vending, and Amusement Machine Servicers and Repairers",,35480,5.6,12.74,26510,1.8,7.06,9.18,12.33,15.78,19.51,14690,19100,25660,32820,40570,,2000
49-9092,Commercial Divers,,2920,21.5,21.13,43940,8,9.47,12.45,15.47,22.65,52.48,19690,25910,32170,47110,109150,,2000
49-9093,"Fabric Menders, Except Garment",,2390,6.3,12.75,26530,2.7,7.08,8.32,10.85,17.42,20.54,14720,17300,22560,36240,42730,,2000
49-9094,Locksmiths and Safe Repairers,,13150,7.8,14.29,29720,2.9,8.56,10.75,13.22,16.76,20.82,17800,22360,27490,34870,43300,,2000
49-9095,Manufactured Building and Mobile Home Installers,,13410,7.5,11.06,23010,1.3,7.31,8.76,10.43,12.8,16.13,15210,18220,21700,26620,33550,,2000
49-9096,Riggers,,14640,5.4,15.9,33060,1.5,9.05,11.56,15.42,19.28,23.51,18820,24050,32080,40100,48900,,2000
49-9097,Signal and Track Switch Repairers,,5540,10.8,18.94,39400,2.4,13.57,17.01,19.25,21.32,24.71,28240,35380,40030,44350,51400,,2000
49-9098,"Helpers--Installation, Maintenance, and Repair Workers",,146870,2.1,10.88,22620,0.6,6.49,7.83,9.98,13.1,16.82,13510,16300,20750,27250,34990,,2000
51-0000,Production Occupations,major,12400080,0.4,12.72,26450,0.3,6.99,8.57,11.24,15.57,21.06,14540,17830,23390,32380,43810,,2000
51-1011,First-Line Supervisors/Managers of Production and Operating Workers,,769540,0.5,20.68,43020,0.2,11.52,14.78,19.39,25.32,32.34,23960,30750,40330,52660,67260,,2000
51-2011,"Aircraft Structure, Surfaces, Rigging, and Systems Assemblers",,32680,11.7,18.34,38150,4.2,9.33,13.59,19.64,23.6,25.85,19410,28270,40850,49090,53770,,2000
51-2021,"Coil Winders, Tapers, and Finishers",,53050,5.2,10.55,21940,1.2,6.94,8,9.77,12.41,15.81,14430,16640,20320,25800,32890,,2000
51-2022,Electrical and Electronic Equipment Assemblers,,367150,2.8,11.03,22950,0.7,7.1,8.44,10.31,12.97,16.28,14770,17550,21450,26970,33860,,2000
51-2023,Electromechanical Equipment Assemblers,,72550,4.5,11.81,24560,1.4,7.38,8.99,11.16,13.87,17.35,15350,18700,23210,28850,36090,,2000
51-2031,Engine and Other Machine Assemblers,,66090,6.9,14.09,29320,2.5,8.08,10.02,13.47,17.3,21.48,16800,20840,28010,35980,44680,,2000
51-2041,Structural Metal Fabricators and Fitters,,101490,3.4,13.7,28490,1,8.81,10.53,13.11,16.14,19.56,18330,21900,27280,33560,40680,,2000
51-2091,Fiberglass Laminators and Fabricators,,46700,6.3,11.75,24430,1.6,7.37,8.75,10.82,14.09,17.29,15330,18190,22510,29310,35970,,2000
51-2092,Team Assemblers,,1306430,1.5,11.29,23490,0.9,7.05,8.39,10.32,13.11,16.95,14670,17460,21470,27270,35250,,2000
51-2093,"Timing Device Assemblers, Adjusters, and Calibrators",,11020,11.7,11.66,24250,2.5,7.96,9.21,10.78,13.1,16.10,16550,19150,22420,27260,33490,,2000
51-3011,Bakers,,156100,2.1,10.12,21050,0.6,6.33,7.51,9.48,12.3,15.25,13170,15630,19710,25570,31720,,2000
51-3021,Butchers and Meat Cutters,,134250,1.8,12.35,25690,0.7,6.9,8.74,11.6,15.59,19.35,14340,18170,24120,32440,40240,,2000
51-3022,"Meat, Poultry, and Fish Cutters and Trimmers",,148100,3.5,8.51,17710,0.8,6.4,7.17,8.06,9.57,11.29,13310,14920,16760,19900,23490,,2000
51-3023,Slaughterers and Meat Packers,,118900,6.2,9.29,19330,1,7.06,7.99,9.33,10.47,11.87,14690,16620,19410,21790,24690,,2000
51-3091,"Food and Tobacco Roasting, Baking, and Drying Machine Operators and Tenders",,19140,6.8,12.1,25170,3,6.72,8.22,10.91,15.45,19.90,13970,17090,22690,32130,41390,,2000
51-3092,Food Batchmakers,,67320,3.7,10.71,22280,1,6.37,7.68,10.09,13.27,16.18,13250,15980,20990,27600,33660,,2000
51-3093,Food Cooking Machine Operators and Tenders,,36020,6.6,10.49,21830,1.8,6.45,7.69,9.92,12.86,15.76,13420,16000,20630,26750,32780,,2000
51-4011,"Computer-Controlled Machine Tool Operators, Metal and Plastic",,162360,2.5,13.84,28780,0.6,8.8,10.48,13.17,16.55,20.25,18310,21800,27400,34420,42120,,2000
51-4012,Numerical Tool and Process Control Programmers,,22460,4.4,18.12,37690,1.2,10.39,13.81,17.7,21.74,26.66,21610,28720,36810,45220,55450,,2000
51-4021,"Extruding and Drawing Machine Setters, Operators, and Tenders, Metal and Plastic",,114210,3.1,12.03,25030,0.9,7.6,9.32,11.66,14.13,16.76,15810,19390,24260,29390,34860,,2000
51-4022,"Forging Machine Setters, Operators, and Tenders, Metal and Plastic",,53950,4.6,13.3,27660,1.8,7.23,9.29,12.11,16.01,23.34,15040,19330,25190,33310,48550,,2000
51-4023,"Rolling Machine Setters, Operators, and Tenders, Metal and Plastic",,49710,4.5,13.39,27850,1.4,7.97,10.15,12.85,16.01,20.00,16570,21110,26740,33300,41600,,2000
51-4031,"Cutting, Punching, and Press Machine Setters, Operators, and Tenders, Metal and Plastic",,351050,2.1,11.67,24280,0.6,7.44,8.91,11.03,13.64,16.77,15470,18530,22940,28370,34870,,2000
51-4032,"Drilling and Boring Machine Tool Setters, Operators, and Tenders, Metal and Plastic",,71490,3.7,12.97,26990,1.1,7.96,9.68,12.25,15.48,19.52,16560,20140,25470,32190,40600,,2000
51-4033,"Grinding, Lapping, Polishing, and Buffing Machine Tool Setters, Operators, and Tenders, Metal and Plastic",,124080,2.2,12.42,25820,0.7,7.61,9.32,11.71,14.83,18.37,15830,19380,24360,30850,38200,,2000
51-4034,"Lathe and Turning Machine Tool Setters, Operators, and Tenders, Metal and Plastic",,84020,3,14.27,29680,0.8,8.97,10.95,13.77,16.81,20.89,18660,22770,28640,34960,43450,,2000
51-4035,"Milling and Planing Machine Setters, Operators, and Tenders, Metal and Plastic",,35610,3.4,14,29130,1.1,8.41,10.38,13.25,16.73,20.88,17490,21580,27570,34790,43430,,2000
51-4041,Machinists,,420320,1.5,15.2,31610,0.4,9.01,11.43,14.78,18.39,21.84,18740,23780,30740,38250,45430,,2000
51-4051,Metal-Refining Furnace Operators and Tenders,,19770,4,14.12,29370,1,9.33,11.16,13.47,16.61,20.29,19410,23210,28030,34540,42210,,2000
51-4052,"Pourers and Casters, Metal",,15660,4.7,13.38,27840,1.5,8.87,10.54,12.67,15.8,19.60,18460,21920,26360,32850,40770,,2000
51-4061,"Model Makers, Metal and Plastic",,10540,8.4,17.1,35570,4.4,7.49,10.46,16.07,22.97,29.53,15570,21760,33420,47790,61420,,2000
51-4062,"Patternmakers, Metal and Plastic",,8290,7.3,15.88,33040,2.9,8.24,11.06,14.83,20.07,25.93,17140,22990,30850,41750,53940,,2000
51-4071,Foundry Mold and Coremakers,,34130,6.3,12.45,25900,1.7,7.85,9.67,11.88,14.23,17.63,16320,20100,24710,29600,36670,,2000
51-4072,"Molding, Coremaking, and Casting Machine Setters, Operators, and Tenders, Metal and Plastic",,158280,2.4,11.36,23630,1,7.04,8.37,10.4,13.16,16.93,14650,17410,21620,27370,35220,,2000
51-4081,"Multiple Machine Tool Setters, Operators, and Tenders, Metal and Plastic",,109950,3.4,14.11,29350,2.4,8.21,10.01,12.96,17.07,23.29,17080,20830,26960,35490,48430,,2000
51-4111,Tool and Die Makers,,131080,2.2,20.07,41740,0.9,12.44,15.67,19.76,24.45,28.88,25880,32590,41110,50850,60080,,2000
51-4121,"Welders, Cutters, Solderers, and Brazers",,413720,1.8,13.98,29080,0.5,8.86,10.74,13.13,16.37,20.74,18430,22330,27300,34060,43140,,2000
51-4122,"Welding, Soldering, and Brazing Machine Setters, Operators, and Tenders",,69670,2.9,14.3,29730,1.8,8.64,10.41,13.09,16.83,23.32,17970,21650,27220,35010,48500,,2000
51-4191,"Heat Treating Equipment Setters, Operators, and Tenders, Metal and Plastic",,35840,4.8,13.47,28020,1.1,8.5,10.14,12.64,16.04,20.49,17690,21090,26290,33370,42630,,2000
51-4192,"Lay-Out Workers, Metal and Plastic",,16770,4.5,15.22,31650,2.2,8.71,11.22,14.27,17.59,23.13,18110,23330,29680,36580,48110,,2000
51-4193,"Plating and Coating Machine Setters, Operators, and Tenders, Metal and Plastic",,54760,3.3,11.82,24580,0.7,7.54,9.09,11.23,13.88,16.81,15680,18900,23360,28860,34960,,2000
51-4194,"Tool Grinders, Filers, and Sharpeners",,28360,4.2,14.22,29580,1.2,8.41,10.17,13.22,17.28,22.06,17480,21160,27510,35940,45890,,2000
51-5011,Bindery Workers,,102020,2.2,11.14,23180,0.8,6.57,7.88,10.05,13.27,17.22,13670,16380,20910,27610,35820,,2000
51-5012,Bookbinders,,9080,10.7,12.89,26810,2.6,7.28,9.14,11.42,15.71,20.11,15130,19010,23760,32670,41830,,2000
51-5021,Job Printers,,50070,4.3,14.37,29880,1.5,7.81,10,13.61,17.67,21.88,16240,20790,28300,36750,45510,,2000
51-5022,Prepress Technicians and Workers,,104920,2.2,15.31,31840,1.3,8.2,10.7,14.57,19.12,23.57,17050,22260,30310,39760,49040,,2000
51-5023,Printing Machine Operators,,214880,2.1,14.47,30090,0.6,8.09,10.38,13.57,17.8,21.92,16830,21600,28230,37020,45600,,2000
51-6011,Laundry and Dry-Cleaning Workers,,216630,1.8,7.99,16630,0.6,5.77,6.46,7.59,8.98,10.84,12010,13440,15790,18680,22550,,2000
51-6021,"Pressers, Textile, Garment, and Related Materials",,100190,3,8.14,16940,0.9,5.85,6.63,7.77,9.28,10.96,12170,13790,16170,19300,22810,,2000
51-6031,Sewing Machine Operators,,362010,2,8.39,17450,0.7,5.92,6.54,7.8,9.66,11.89,12320,13610,16220,20080,24730,,2000
51-6041,Shoe and Leather Workers and Repairers,,12210,6.7,9.07,18860,1.8,6.09,6.95,8.32,10.69,13.38,12660,14450,17300,22240,27820,,2000
51-6042,Shoe Machine Operators and Tenders,,8070,11.7,9.17,19060,2.4,6.27,7.37,8.89,10.69,12.70,13050,15320,18490,22240,26410,,2000
51-6051,"Sewers, Hand",,24240,9.7,9.09,18900,3.8,6.09,6.92,8.09,10.17,13.10,12670,14390,16820,21150,27240,,2000
51-6052,"Tailors, Dressmakers, and Custom Sewers",,32840,4.2,11.2,23300,1.2,6.75,7.9,10.14,13.52,16.92,14050,16430,21100,28130,35180,,2000
51-6061,Textile Bleaching and Dyeing Machine Operators and Tenders,,38350,5.8,9.49,19750,1.6,6.24,7.48,9.42,10.98,12.92,12980,15550,19580,22840,26870,,2000
51-6062,"Textile Cutting Machine Setters, Operators, and Tenders",,39730,4.1,9.74,20260,1.1,6.39,7.51,9.23,11.39,14.13,13280,15630,19200,23690,29390,,2000
51-6063,"Textile Knitting and Weaving Machine Setters, Operators, and Tenders",,69110,3.4,10.45,21730,0.8,7.13,8.74,10.32,12.22,13.54,14830,18180,21460,25420,28160,,2000
51-6064,"Textile Winding, Twisting, and Drawing Out Machine Setters, Operators, and Tenders",,82320,4.3,10.12,21040,0.8,7.91,8.97,9.89,10.85,12.92,16450,18660,20570,22580,26880,,2000
51-6091,"Extruding and Forming Machine Setters, Operators, and Tenders, Synthetic and Glass Fibers",,36350,5.6,12.68,26380,1.5,8.08,10.26,12.66,15.19,16.87,16800,21340,26330,31590,35090,,2000
51-6092,Fabric and Apparel Patternmakers,,14890,7.2,14.32,29790,2.3,6.93,8.68,11.57,17.98,25.44,14420,18060,24070,37390,52920,,2000
51-6093,Upholsterers,,42410,3.8,12.3,25580,1.3,7.52,9.16,11.42,14.9,18.31,15640,19060,23760,31000,38080,,2000
51-7011,Cabinetmakers and Bench Carpenters,,132630,2.6,11.6,24140,0.6,7.24,8.69,10.83,13.72,17.21,15060,18070,22530,28530,35790,,2000
51-7021,Furniture Finishers,,36870,3.1,10.95,22770,0.8,7.05,8.49,10.34,12.93,16.06,14660,17660,21500,26890,33410,,2000
51-7031,"Model Makers, Wood",,4900,10.6,13.31,27680,2.3,7.64,9.27,11.7,15.97,21.88,15900,19280,24330,33220,45510,,2000
51-7032,"Patternmakers, Wood",,5420,9.1,14.5,30160,3.6,7.33,9.44,13.59,18.02,24.61,15250,19640,28260,37480,51190,,2000
51-7041,"Sawing Machine Setters, Operators, and Tenders, Wood",,54330,2.2,10.71,22290,0.7,7.12,8.4,10.23,12.6,15.36,14820,17470,21270,26200,31950,,2000
51-7042,"Woodworking Machine Setters, Operators, and Tenders, Except Sawing",,99410,2.5,10.44,21710,0.6,6.95,8.19,10,12.32,14.88,14450,17040,20790,25630,30950,,2000
51-8011,Nuclear Power Reactor Operators,,2550,14.8,28.41,59100,1.6,22.54,24.39,27.51,32.37,35.75,46890,50720,57220,67320,74370,,2000
51-8012,Power Distributors and Dispatchers,,15050,8,23.65,49190,1.6,15.27,19.17,23.35,28.02,33.30,31760,39880,48570,58290,69260,,2000
51-8013,Power Plant Operators,,34720,4.7,21.79,45330,0.8,13.8,17.94,22.16,26.06,29.82,28700,37320,46090,54200,62020,,2000
51-8021,Stationary Engineers and Boiler Operators,,56330,2.7,19.94,41470,1,11.76,15.14,19.43,24.56,29.58,24470,31490,40420,51090,61530,,2000
51-8031,Water and Liquid Waste Treatment Plant and System Operators,,87760,2.6,15.6,32450,0.8,9.19,11.73,15.09,19,22.77,19120,24390,31380,39530,47370,,2000
51-8091,Chemical Plant and System Operators,,62450,4.2,19.31,40160,0.9,12.56,15.89,19.59,23.19,26.09,26130,33060,40750,48240,54260,,2000
51-8092,Gas Plant Operators,,12890,5.6,21.47,44660,1.4,14.36,17.89,21.5,25.51,28.85,29870,37210,44730,53060,60000,,2000
51-8093,"Petroleum Pump System Operators, Refinery Operators, and Gaugers",,31230,5.2,21.15,43980,1.3,13.57,18.02,21.72,25.2,27.42,28220,37480,45180,52430,57040,,2000
51-9011,Chemical Equipment Operators and Tenders,,60380,4.6,17.46,36310,1,11.09,13.93,17.21,20.87,24.84,23060,28980,35800,43410,51660,,2000
51-9012,"Separating, Filtering, Clarifying, Precipitating, and Still Machine Setters, Operators, and Tenders",,36110,4.5,13.77,28650,1.3,7.85,9.89,13.09,16.91,20.86,16330,20580,27230,35170,43390,,2000
51-9021,"Crushing, Grinding, and Polishing Machine Setters, Operators, and Tenders",,45010,2.6,12.6,26200,0.8,7.76,9.48,11.99,15.32,18.76,16140,19720,24950,31870,39020,,2000
51-9022,"Grinding and Polishing Workers, Hand",,48610,3.4,11.53,23990,1.1,7.15,8.61,10.48,13.34,17.32,14880,17920,21800,27750,36040,,2000
51-9023,"Mixing and Blending Machine Setters, Operators, and Tenders",,111480,3,13.05,27150,0.8,8.03,9.8,12.58,15.91,19.24,16690,20390,26170,33090,40020,,2000
51-9031,"Cutters and Trimmers, Hand",,34340,5.1,11.07,23030,2.5,6.28,7.55,9.78,12.8,19.03,13070,15700,20330,26630,39580,,2000
51-9032,"Cutting and Slicing Machine Setters, Operators, and Tenders",,82450,2.4,11.98,24920,0.7,7.45,9.02,11.48,14.54,17.33,15490,18770,23870,30230,36040,,2000
51-9041,"Extruding, Forming, Pressing, and Compacting Machine Setters, Operators, and Tenders",,76370,3.6,12.57,26150,1.2,7.76,9.48,11.94,15.26,18.84,16150,19720,24840,31730,39180,,2000
51-9051,"Furnace, Kiln, Oven, Drier, and Kettle Operators and Tenders",,31800,4.1,13.6,28300,0.8,8.59,10.45,13.13,16.4,19.97,17860,21740,27320,34120,41540,,2000
51-9061,"Inspectors, Testers, Sorters, Samplers, and Weighers",,571220,1.2,13.47,28010,0.5,7.33,9.26,12.22,16.55,22.21,15250,19260,25420,34430,46200,,2000
51-9071,Jewelers and Precious Stone and Metal Workers,,31030,8.2,13.91,28930,3.4,6.99,9.2,12.66,16.9,21.21,14550,19140,26330,35150,44120,,2000
51-9081,Dental Laboratory Technicians,,40580,5.4,14.04,29200,1.3,7.78,9.83,12.94,16.82,21.47,16190,20450,26920,34990,44670,,2000
51-9082,Medical Appliance Technicians,,11480,7.9,13.44,27950,3.9,7.56,8.96,11.97,16.05,21.29,15730,18640,24900,33390,44270,,2000
51-9083,Ophthalmic Laboratory Technicians,,36980,7,10.45,21740,1.3,7.19,8.25,9.88,12.07,14.71,14950,17160,20550,25110,30590,,2000
51-9111,Packaging and Filling Machine Operators and Tenders,,370080,2.6,10.43,21700,0.8,6.37,7.49,9.45,12.71,16.26,13250,15580,19660,26440,33810,,2000
51-9121,"Coating, Painting, and Spraying Machine Setters, Operators, and Tenders",,103650,2.4,12.09,25140,0.9,7.54,9.11,11.37,14.11,17.65,15680,18950,23660,29340,36710,,2000
51-9122,"Painters, Transportation Equipment",,43270,3.9,15.82,32910,1.3,9.12,11.43,14.64,19.45,24.79,18960,23770,30440,40460,51570,,2000
51-9123,"Painting, Coating, and Decorating Workers",,33940,3.7,10.48,21810,1.3,6.45,7.56,9.55,12.48,16.07,13410,15730,19850,25950,33430,,2000
51-9131,Photographic Process Workers,,26650,5.7,10.65,22140,1.3,6.44,7.56,9.44,12.54,16.61,13400,15730,19630,26080,34550,,2000
51-9132,Photographic Processing Machine Operators,,51950,5.4,9.39,19540,1.7,6.06,7.06,8.39,10.56,14.48,12610,14680,17450,21960,30110,,2000
51-9141,Semiconductor Processors,,67000,10.6,13.06,27170,1.7,8.85,10.02,12.23,15.36,19.10,18410,20850,25430,31950,39720,,2000
51-9191,Cementing and Gluing Machine Operators and Tenders,,34220,4.9,11.14,23170,1.8,6.96,8.39,10.49,13.21,16.41,14470,17450,21810,27490,34120,,2000
51-9192,"Cleaning, Washing, and Metal Pickling Equipment Operators and Tenders",,18440,3.9,11.1,23100,1.5,6.97,8.04,10.17,13.29,16.92,14510,16730,21140,27650,35190,,2000
51-9193,Cooling and Freezing Equipment Operators and Tenders,,7410,6.7,10.58,22010,2,6.52,7.75,9.7,12.66,16.41,13570,16110,20180,26330,34140,,2000
51-9194,Etchers and Engravers,,11060,6.4,11.42,23740,2.1,6.63,8.13,10.12,13.12,17.78,13790,16910,21050,27280,36980,,2000
51-9195,"Molders, Shapers, and Casters, Except Metal and Plastic",,40260,4.4,11.83,24620,1.6,7.14,8.87,11.24,14.09,17.50,14850,18450,23380,29310,36400,,2000
51-9196,"Paper Goods Machine Setters, Operators, and Tenders",,121300,2.6,13.32,27700,1.3,8.03,10.21,12.75,15.92,19.62,16710,21240,26530,33110,40810,,2000
51-9197,Tire Builders,,15790,11.8,16.3,33910,3.7,8.83,11.59,17.56,20.49,24.04,18370,24100,36510,42610,50010,,2000
51-9198,Helpers--Production Workers,,533720,2.5,9.3,19350,0.5,6.15,7.13,8.66,10.7,13.53,12780,14830,18000,22260,28130,,2000
53-0000,Transportation and Material Moving Occupations,major,9592740,0.5,12.32,25630,0.5,6.35,7.8,10.55,15.02,20.32,13200,16230,21940,31230,42270,,2000
53-1011,Aircraft Cargo Handling Supervisors,,9960,5.6,19.57,40710,1.8,10.8,13.26,18.19,24.47,31.56,22450,27580,37830,50890,65640,,2000
53-1021,"First-Line Supervisors/Managers of Helpers, Laborers, and Material Movers, Hand",,146790,1.6,17.75,36910,0.5,10.13,12.91,16.73,21.45,26.65,21080,26850,34800,44610,55440,,2000
53-1031,First-Line Supervisors/Managers of Transportation and Material-Moving Machine and Vehicle Operators,,186710,1.5,20.73,43120,0.6,11.08,14.52,19.37,25.14,32.36,23040,30200,40300,52280,67310,,2000
53-2011,"Airline Pilots, Copilots, and Flight Engineers",,94820,6.1,*,***,***,*,*,*,*,*,***,***,***,***,***,TRUE,2000
53-2012,Commercial Pilots,,18040,5.3,*,51370,5.1,*,*,*,*,*,24290,31500,43300,61230,92000,TRUE,2000
53-2021,Air Traffic Controllers,,23350,1.5,38.2,79460,0.6,21.52,29.93,39.67,48.83,53.44,44760,62250,82520,101570,111150,,2000
53-2022,Airfield Operations Specialists,,4580,10.1,17.31,36000,4.4,8.44,10.49,15.42,21.77,29.49,17560,21820,32080,45280,61340,,2000
53-3011,"Ambulance Drivers and Attendants, Except Emergency Medical Technicians",,15700,7,9.46,19680,1.7,6.06,7.11,8.57,10.68,13.28,12600,14790,17820,22210,27620,,2000
53-3021,"Bus Drivers, Transit and Intercity",,175470,6.6,13.1,27250,1.8,7.64,9.47,12.36,16.78,20.03,15890,19700,25710,34910,41660,,2000
53-3022,"Bus Drivers, School",,457050,2.2,10.31,21430,0.7,5.99,7.28,10.05,12.74,15.48,12460,15150,20910,26490,32200,,2000
53-3031,Driver/Sales Workers,,373660,3.7,11.08,23060,0.8,5.88,6.7,9.79,14.28,18.77,12230,13940,20360,29710,39040,,2000
53-3032,"Truck Drivers, Heavy and Tractor-Trailer",,1577070,1.1,15.78,32810,0.4,9.58,11.97,15.25,19.12,22.50,19930,24900,31710,39770,46790,,2000
53-3033,"Truck Drivers, Light Or Delivery Services",,1033220,1.4,11.84,24620,0.6,6.57,8.19,10.74,14.48,19.25,13670,17030,22350,30120,40030,,2000
53-3041,Taxi Drivers and Chauffeurs,,130200,3.2,9.1,18920,1.1,5.86,6.68,8.19,10.46,13.47,12190,13900,17040,21750,28020,,2000
53-4011,Locomotive Engineers,,29390,9.2,21.2,44090,1.4,12.84,15.77,21.26,25.3,29.67,26700,32800,44210,52630,61700,,2000
53-4012,Locomotive Firers,,1040,17.8,20.93,43540,1.5,12.15,16.95,23.02,25.37,26.78,25280,35260,47870,52770,55700,,2000
53-4013,"Rail Yard Engineers, Dinkey Operators, and Hostlers",,4020,9.2,19.22,39980,4.2,11.7,14.43,17.69,20.38,24.66,24330,30010,36800,42400,51290,,2000
53-4021,"Railroad Brake, Signal, and Switch Operators",,16830,12.3,20.16,41930,2.2,11.87,14.6,18.82,25.26,31.83,24690,30370,39150,52540,66200,,2000
53-4031,Railroad Conductors and Yardmasters,,40380,9.1,20.11,41840,2.8,12.92,15.47,18.86,22.08,31.03,26870,32180,39220,45920,64540,,2000
53-4041,Subway and Streetcar Operators,,3190,28.9,19.74,41060,5.2,14.98,17.97,20.1,22.76,25.56,31160,37390,41810,47330,53160,,2000
53-5011,Sailors and Marine Oilers,,30090,9.7,13.94,29000,1.8,7.09,9.59,13.52,17.58,21.26,14740,19950,28120,36570,44230,,2000
53-5021,"Captains, Mates, and Pilots of Water Vessels",,21080,5.2,23.3,48450,1.7,11.19,16.38,22.84,28.44,35.14,23280,34070,47510,59160,73090,,2000
53-5022,Motorboat Operators,,3540,16.5,14.61,30400,5.2,7.27,9.02,13.83,18.66,23.79,15110,18770,28760,38810,49480,,2000
53-5031,Ship Engineers,,7370,6.4,23.12,48100,2.1,12,16.75,22.85,28.76,33.77,24950,34850,47530,59830,70230,,2000
53-6011,Bridge and Lock Tenders,,4790,36.6,14.6,30370,2.3,7.38,10.88,15.59,18.6,20.49,15360,22630,32420,38690,42610,,2000
53-6021,Parking Lot Attendants,,116930,4.2,7.69,15990,1.1,5.73,6.27,7.15,8.46,10.58,11920,13050,14880,17590,22010,,2000
53-6031,Service Station Attendants,,106010,2.7,7.87,16370,1.1,5.72,6.38,7.35,8.56,10.65,11900,13260,15280,17800,22150,,2000
53-6041,Traffic Technicians,,4590,4.4,16.19,33670,2.2,9.3,11.24,14.82,19.89,26.11,19330,23390,30830,41370,54310,,2000
53-6051,Transportation Inspectors,,26520,5.9,21.25,44200,1.9,9.21,14.86,21.68,26.64,33.23,19160,30900,45090,55400,69110,,2000
53-7011,Conveyor Operators and Tenders,,62250,4.3,11.5,23920,1.5,7.22,8.79,10.7,13.28,17.14,15020,18270,22260,27630,35660,,2000
53-7021,Crane and Tower Operators,,55770,2.9,16.99,35340,1.4,10.31,12.59,15.89,20.51,26.14,21450,26180,33050,42660,54360,,2000
53-7031,Dredge Operators,,3100,9.2,14.32,29790,3.9,8.23,10.14,13.38,16.93,22.98,17130,21090,27820,35210,47810,,2000
53-7032,Excavating and Loading Machine and Dragline Operators,,70080,4.8,16.1,33480,1.9,9.81,11.9,14.94,19.65,24.88,20400,24750,31070,40880,51740,,2000
53-7033,"Loading Machine Operators, Underground Mining",,2680,8.9,14.22,29570,2.7,9.19,11.02,13.87,16.94,20.36,19110,22920,28860,35240,42350,,2000
53-7041,Hoist and Winch Operators,,9280,8.5,16.02,33320,3.4,8.84,10.84,14.4,19.31,26.89,18390,22550,29960,40170,55920,,2000
53-7051,Industrial Truck and Tractor Operators,,615390,1.2,12.54,26090,0.6,8.05,9.56,11.74,14.64,18.62,16740,19890,24410,30460,38720,,2000
53-7061,Cleaners of Vehicles and Equipment,,301330,1.7,8.36,17380,0.6,5.8,6.4,7.55,9.49,12.35,12070,13310,15710,19740,25680,,2000
53-7062,"Laborers and Freight, Stock, and Material Movers, Hand",,2120640,1.2,9.84,20460,0.4,6.24,7.33,9.04,11.39,14.84,12980,15240,18810,23700,30880,,2000
53-7063,Machine Feeders and Offbearers,,213950,4,10.43,21690,1.2,6.86,7.92,9.69,12.1,15.40,14270,16480,20140,25160,32030,,2000
53-7064,"Packers and Packagers, Hand",,1020640,1.4,8.19,17030,0.4,5.78,6.39,7.53,9.43,11.80,12030,13290,15660,19620,24540,,2000
53-7071,Gas Compressor and Gas Pumping Station Operators,,6510,9.8,20.05,41700,2.5,11.55,16.67,20.32,24.52,27.46,24020,34670,42260,51000,57110,,2000
53-7072,"Pump Operators, Except Wellhead Pumpers",,13730,10.3,18,37440,3,8.79,11.97,17.16,24.12,26.77,18280,24890,35700,50180,55690,,2000
53-7073,Wellhead Pumpers,,9790,18.6,16.04,33360,2.8,9.52,11.85,16.35,20.1,22.23,19800,24640,34010,41810,46240,,2000
53-7081,Refuse and Recyclable Material Collectors,,118910,4.1,12.51,26020,1.6,6.72,8.84,11.83,15.78,19.89,13980,18400,24610,32820,41380,,2000
53-7111,Shuttle Car Operators,,3060,12.2,17.3,35980,1.8,12.33,14.64,17.97,20.07,21.34,25650,30460,37370,41750,44380,,2000
53-7121,"Tank Car, Truck, and Ship Loaders",,17480,6.7,15.62,32490,2.9,8.86,10.8,13.78,20.19,25.95,18420,22460,28660,42000,53970,,2000