occ_code,occ_titl,group,tot_emp,emp_prse,h_mean,a_mean,mean_prse,h_wpct10,h_wpct25,h_median,h_wpct75,h_wpct90,a_wpct10,a_wpct25,a_median,a_wpct75,a_wpct90,annual
00-0000,All Occupations,major,127523760,0.1,17.1,35560,0.2,6.95,8.93,13.31,20.84,31.2,14450,18580,27690,43340,64900,
11-0000,Management Occupations,major,7092460,0.3,37.92,78870,0.2,15.31,21.86,32.27,46.79,69.53,31850,45470,67120,97320,144620,
11-1011,Chief Executives,,452400,0.7,64.89,134960,0.3,24.83,38.88,60.7,#,#,51650,80860,126260,#,#,
11-1021,General and Operations Managers,,1998350,0.4,40.19,83590,0.2,15.72,21.98,32.8,50.47,#,32700,45720,68210,104970,#,
11-1031,Legislators,,64650,3.5,14.62,30420,2.2,5.83,6.34,7.32,18.53,33.36,12130,13180,15220,38540,69380,
11-2011,Advertising and Promotions Managers,,81090,1.2,33.27,69200,0.7,14.57,19.01,27.47,41.21,60.13,30310,39550,57130,85710,125070,
11-2021,Marketing Managers,,192080,1,41.91,87170,0.4,19.1,26.33,37.62,52.49,#,39730,54760,78250,109190,#,
11-2022,Sales Managers,,328060,0.7,41.4,86110,0.3,17.95,24.72,36.08,51.82,#,37340,51430,75040,107790,#,
11-2031,Public Relations Managers,,62640,1.9,33.59,69870,0.8,15.84,21.35,29.15,41.15,56.63,32960,44410,60640,85590,117780,
11-3011,Administrative Services Managers,,306370,0.8,28.54,59350,0.4,12.56,17.4,25.24,35.86,48.02,26120,36190,52500,74590,99870,
11-3021,Computer and Information Systems Managers,,264790,0.8,43.48,90440,0.3,22.81,30.84,40.98,52.86,67.52,47440,64150,85240,109950,140440,
11-3031,Financial Managers,,563020,0.9,39.94,83080,0.5,18.81,25.23,35.26,48.39,68.39,39120,52490,73340,100660,142260,
11-3040,Human Resources Managers,,193360,0.8,34.12,70960,0.3,17.44,22.8,31.11,42.36,54.95,36280,47420,64710,88100,114300,
11-3051,Industrial Production Managers,,173960,0.6,35.09,72980,0.3,18.74,24.38,32.37,42.73,55.17,38980,50710,67320,88880,114750,
11-3061,Purchasing Managers,,105010,0.8,31.85,66250,0.4,15.54,21,28.79,39.4,51.99,32330,43670,59890,81950,108140,
11-3071,"Transportation, Storage, and Distribution Managers",,107400,1,31.29,65070,0.4,16.5,21.78,28.68,37.8,48.51,34330,45290,59660,78620,100900,
11-9011,"Farm, Ranch, and Other Agricultural Managers",,5630,4.1,23.65,49200,1.3,11.74,15.68,21.03,28.52,38.99,24410,32620,43740,59330,81100,
11-9021,Construction Managers,,208360,1.4,34.24,71210,0.7,18.33,23.42,30.53,40.43,54.23,38130,48720,63500,84080,112810,
11-9031,"Education Administrators, Preschool and Child Care Center/Program",,52700,2,18.84,39190,1.4,9.58,12.12,16.03,22.48,32.53,19930,25200,33340,46760,67650,
11-9032,"Education Administrators, Elementary and Secondary School",,204340,0.9,*,74050,2,*,*,*,*,*,48700,58820,71490,87540,104870,TRUE
11-9033,"Education Administrators, Postsecondary",,96910,1.6,34.44,71630,0.8,17.26,22.62,31.08,42.36,55.87,35910,47050,64640,88110,116210,
11-9041,Engineering Managers,,205390,1,46.03,95750,0.3,27.81,34.85,43.71,54.83,67.97,57840,72480,90930,114050,141380,
11-9051,Food Service Managers,,249710,4.4,19.75,41090,5.7,10.46,13.42,17.21,22.65,32.45,21760,27910,35790,47120,67490,
11-9061,Funeral Directors,,21740,2.7,24.83,51650,2.5,12,16.13,20.85,27.95,40.42,24950,33540,43380,58140,84060,
11-9071,Gaming Managers,,3760,5.3,29.29,60910,1.4,14.9,19.91,26.12,34.92,47.39,30980,41410,54330,72630,98570,
11-9081,Lodging Managers,,31170,2.6,18.32,38110,0.9,9.81,12.55,16.33,21.48,28.57,20400,26110,33970,44670,59420,
11-9111,Medical and Health Services Managers,,228290,0.7,33.35,69370,0.4,18.01,23.03,29.5,38.53,52.44,37460,47910,61370,80150,109080,
11-9121,Natural Sciences Managers,,42470,2.2,43.46,90400,1.3,21.94,28.85,39.54,53.4,69.51,45640,60000,82250,111070,144590,
11-9131,Postmasters and Mail Superintendents,,26470,0,23.36,48590,0.1,16.88,19.46,23.34,26.95,31.95,35110,40470,48540,56050,66450,
11-9141,"Property, Real Estate, and Community Association Managers",,156290,2.2,22.3,46390,0.9,8.39,12.24,17.73,26.92,41.66,17450,25470,36880,56000,86650,
11-9151,Social and Community Service Managers,,111480,1.7,22.55,46900,1.2,12.12,15.59,20.71,27.17,35.28,25210,32430,43080,56520,73370,
13-0000,Business and Financial Operations Occupations,major,4772120,0.4,25.65,53350,0.2,13.12,17.05,22.77,30.78,41.29,27290,35470,47350,64020,85890,
13-1011,"Agents and Business Managers of Artists, Performers, and Athletes",,11590,12,33.16,68970,4,11.98,17.85,26.79,39.32,62.64,24910,37130,55730,81800,130290,
13-1021,"Purchasing Agents and Buyers, Farm Products",,16570,3,22.56,46930,1.2,11.47,15.09,19.66,26.65,36.89,23850,31390,40900,55440,76740,
13-1022,"Wholesale and Retail Buyers, Except Farm Products",,138380,1.4,22.43,46650,0.7,11.19,14.44,19.6,26.77,36.57,23270,30040,40780,55670,76070,
13-1023,"Purchasing Agents, Except Wholesale, Retail, and Farm Products",,231490,0.8,23.21,48270,0.3,13.44,16.74,21.68,28.26,35.57,27950,34820,45090,58780,73990,
13-1031,"Claims Adjusters, Examiners, and Investigators",,211960,1.8,22.11,45990,0.5,12.83,15.92,20.68,27.01,34.3,26680,33120,43020,56170,71350,
13-1032,"Insurance Appraisers, Auto Damage",,13270,5.4,20.97,43620,1,13.18,16.62,20.5,25.17,29.07,27410,34570,42630,52360,60470,
13-1041,"Compliance Officers, Except Agriculture, Construction, Health and Safety, and Transportation",,146670,0.8,23.29,48450,0.4,13.19,16.62,21.54,27.98,35.84,27440,34570,44800,58190,74550,
13-1051,Cost Estimators,,185080,1,24.67,51310,0.4,13.79,17.52,22.86,29.83,38.1,28670,36440,47550,62040,79240,
13-1061,Emergency Management Specialists,,10700,3.6,22.75,47320,1.1,10.95,15.53,20.94,28.76,37.59,22780,32300,43560,59810,78180,
13-1071,"Employment, Recruitment, and Placement Specialists",,168550,1.5,22.14,46050,0.9,11.75,14.61,18.95,26.03,35.55,24440,30390,39410,54130,73940,
13-1072,"Compensation, Benefits, and Job Analysis Specialists",,85880,1.6,23.04,47920,0.5,13.54,16.83,21.68,27.52,34.74,28160,35000,45100,57230,72250,
13-1073,Training and Development Specialists,,198910,1.1,22.11,46000,0.4,11.91,15.41,20.58,27.35,34.87,24760,32050,42800,56890,72530,
13-1111,Management Analysts,,392670,1.9,33.73,70160,1.1,17.3,22.19,29.01,40.19,55.61,35990,46160,60340,83590,115670,
13-1121,Meeting and Convention Planners,,32380,3,19.72,41020,1,11.45,14.02,17.99,23.45,30.59,23820,29170,37420,48780,63630,
13-2011,Accountants and Auditors,,888690,0.9,25.59,53230,0.4,14.58,17.89,22.6,29.63,39.77,30320,37210,47000,61630,82730,
13-2021,Appraisers and Assessors of Real Estate,,57160,3.2,22.18,46120,1.5,10.34,14.24,20.08,27.71,36.48,21500,29620,41760,57630,75880,
13-2031,Budget Analysts,,58900,1.4,26.67,55470,0.6,16.62,20.19,25.23,31.82,39.77,34580,42000,52480,66180,82720,
13-2041,Credit Analysts,,65700,2.3,23.81,49530,1,12.62,15.7,20.63,27.87,38.02,26250,32650,42910,57970,79070,
13-2051,Financial Analysts,,159920,2.2,32.3,67180,1,16.62,20.99,27.45,36.84,51.95,34570,43660,57100,76620,108060,
13-2052,Personal Financial Advisors,,77010,4.1,37.72,78460,2.8,12.81,17.39,27.25,48.34,#,26650,36180,56680,100540,#,
13-2053,Insurance Underwriters,,95620,2.4,24.49,50940,0.9,13.86,16.92,21.92,29.27,38.17,28840,35190,45590,60890,79400,
13-2061,Financial Examiners,,23890,2.7,29.6,61570,1.3,15.38,19.79,27.03,36.61,47.91,31990,41160,56220,76160,99650,
13-2071,Loan Counselors,,29780,5.6,17.52,36450,1.2,10.96,12.66,15.39,20.03,27.6,22800,26330,32010,41660,57400,
13-2072,Loan Officers,,218470,1.3,25.08,52160,0.6,12.4,15.56,21.15,29.89,42.52,25790,32360,43980,62160,88450,
13-2081,"Tax Examiners, Collectors, and Revenue Agents",,69320,0.6,21.99,45730,0.4,11.51,15.03,20.31,28.69,35.87,23950,31250,42250,59670,74600,
13-2082,Tax Preparers,,54330,4.5,15.21,31630,2.1,7.08,8.41,12.32,18.35,26.78,14720,17480,25630,38180,55700,
15-0000,Computer and Mathematical Science Occupations,major,2772620,0.6,29.63,61630,0.3,15.26,20.64,28.13,37.12,46.01,31730,42930,58500,77220,95690,
15-1011,"Computer and Information Scientists, Research",,24410,3.6,38.71,80510,1,20.62,28.19,37.38,47.35,58.49,42890,58630,77760,98490,121650,
15-1021,Computer Programmers,,457320,1.3,30.62,63690,0.6,16.87,22.1,28.98,37.57,46.57,35080,45960,60290,78140,96860,
15-1031,"Computer Software Engineers, Applications",,356760,1.9,35.48,73800,0.7,21.55,26.69,34.09,42.63,52.79,44830,55510,70900,88660,109800,
15-1032,"Computer Software Engineers, Systems Software",,255040,2.2,36.46,75840,0.6,22.11,28.13,35.6,43.83,53.66,45980,58500,74040,91160,111600,
15-1041,Computer Support Specialists,,478560,1.3,20.35,42320,0.5,11.08,14.31,18.8,24.85,32.47,23060,29760,39100,51680,67550,
15-1051,Computer Systems Analysts,,467750,2.1,31.2,64890,0.5,18.88,23.8,30.24,37.67,44.9,39270,49500,62890,78350,93400,
15-1061,Database Administrators,,102090,1.5,28.41,59080,0.5,14.78,19.5,26.68,36.11,44.67,30750,40550,55480,75100,92910,
15-1071,Network and Computer Systems Administrators,,232560,1.3,27.7,57620,0.4,16.57,20.81,26.35,33.43,41.56,34460,43290,54810,69530,86440,
15-1081,Network Systems and Data Communications Analysts,,133460,2.2,29.51,61390,0.6,16.77,21.56,28.09,35.72,44.28,34880,44850,58420,74290,92110,
15-2011,Actuaries,,14440,3.9,38.84,80780,1.2,19.09,24.28,33.64,47.99,66.18,39700,50510,69970,99820,137650,
15-2021,Mathematicians,,2600,4.3,36.35,75610,2,18.72,27,36.77,44,54.22,38930,56160,76470,91520,112780,
15-2031,Operations Research Analysts,,56310,3.7,29.27,60890,0.9,16.42,20.78,27.36,35.8,44.44,34140,43220,56920,74460,92430,
15-2041,Statisticians,,17820,6.2,28.85,60000,2,14.6,19.48,27.44,36.78,44.08,30380,40510,57080,76500,91680,
15-2091,Mathematical Technicians,,1970,11.1,20.64,42920,2.3,11.65,14,17.56,23.06,35.52,24220,29120,36520,47970,73880,
17-0000,Architecture and Engineering Occupations,major,2411260,0.7,27.89,58020,0.3,14.6,19.52,26.39,34.87,43.63,30370,40600,54900,72530,90750,
17-1011,"Architects, Except Landscape and Naval",,87700,2.4,30.06,62530,1.3,17.44,21.17,27.22,35.8,44.4,36280,44030,56620,74460,92350,
17-1012,Landscape Architects,,17460,6.6,25.02,52050,2.5,13.81,17.38,22.79,30.03,38.28,28730,36140,47400,62470,79620,
17-1021,Cartographers and Photogrammetrists,,8040,5.2,21.72,45180,1.5,12.41,15.66,20.61,26.73,33.33,25810,32580,42870,55610,69320,
17-1022,Surveyors,,53340,2.6,20.5,42630,0.9,10.7,14.09,19.22,25.69,32.55,22260,29320,39970,53440,67700,
17-2011,Aerospace Engineers,,74210,6.6,35.63,74110,1.1,23.87,28.62,34.97,42.46,50.51,49640,59520,72750,88310,105060,
17-2021,Agricultural Engineers,,2500,19.8,26.79,55730,2.9,17.11,19.38,24.38,33.7,41.93,35590,40320,50700,70100,87220,
17-2031,Biomedical Engineers,,7130,5.5,30.97,64420,1.7,18.39,22.77,29.04,37.17,45.32,38250,47370,60410,77310,94270,
17-2041,Chemical Engineers,,32110,3.5,36.06,75010,1,23.3,28.04,34.85,42.71,51.69,48450,58320,72490,88830,107520,
17-2051,Civil Engineers,,207480,1.5,30.29,63010,0.4,19.21,23.25,28.88,35.91,43.75,39960,48360,60070,74700,91010,
17-2061,Computer Hardware Engineers,,67180,4.6,36.61,76150,1.1,22.21,27.16,34.69,44.1,55.23,46190,56490,72150,91730,114880,
17-2071,Electrical Engineers,,146180,2.3,33.88,70480,0.4,21.53,26.23,32.78,40.71,48.55,44780,54550,68180,84670,100980,
17-2072,"Electronics Engineers, Except Computer",,126020,4.5,34.43,71600,0.6,22.26,26.89,33.62,41.34,49.93,46310,55930,69930,85980,103860,
17-2081,Environmental Engineers,,45720,2.9,30.5,63440,0.7,18.58,22.91,29.52,37.19,44,38640,47650,61410,77360,91510,
17-2111,"Health and Safety Engineers, Except Mining Safety Engineers and Inspectors",,34160,3.9,28.77,59830,0.7,17.9,22.4,27.89,34.61,41.95,37230,46580,58010,71980,87250,
17-2112,Industrial Engineers,,151760,1.6,30.57,63590,0.3,19.41,24.12,29.88,36.27,43.47,40380,50160,62150,75440,90420,
17-2121,Marine Engineers and Naval Architects,,4810,8,32.83,68280,2.2,19.69,24.72,32.04,40.18,47.48,40950,51420,66650,83570,98760,
17-2131,Materials Engineers,,22780,3.2,30.92,64310,1,18.92,23.95,30.09,37.26,44.56,39360,49810,62590,77500,92690,
17-2141,Mechanical Engineers,,203620,1.9,31.33,65170,0.4,19.95,24.42,30.23,37.52,44.92,41490,50800,62880,78040,93430,
17-2151,"Mining and Geological Engineers, Including Mining Safety Engineers",,5050,8,31.14,64770,2.4,17.65,23.2,29.7,37.1,45.03,36720,48250,61770,77160,93660,
17-2161,Nuclear Engineers,,15180,5.9,39.57,82300,1.3,28.05,32.68,39.11,44.68,53.49,58350,67970,81350,92930,111260,
17-2171,Petroleum Engineers,,11130,10.1,41.13,85540,1.4,23.56,30.48,40.08,50.92,61.52,49010,63390,83370,105920,127950,
17-3011,Architectural and Civil Drafters,,101190,2.3,18.78,39060,0.6,11.81,14.5,17.95,21.9,27.05,24570,30170,37330,45550,56260,
17-3012,Electrical and Electronics Drafters,,35470,3.4,21.16,44020,0.8,12.36,15.42,19.76,25.69,32.69,25710,32060,41090,53440,68000,
17-3013,Mechanical Drafters,,68280,2.1,20.71,43080,0.9,12.48,15.43,19.58,24.97,31.15,25950,32100,40730,51950,64780,
17-3021,Aerospace Engineering and Operations Technicians,,14700,6.3,25.48,52990,1.1,16.74,20.55,24.83,29.54,35.33,34820,42740,51650,61440,73480,
17-3022,Civil Engineering Technicians,,88380,1.7,18.71,38910,0.6,11.1,13.96,18.13,22.72,27.36,23080,29030,37720,47260,56910,
17-3023,Electrical and Electronic Engineering Technicians,,194960,2,21.26,44210,0.4,12.87,16.23,20.65,25.58,30.8,26770,33760,42950,53200,64070,
17-3024,Electro-Mechanical Technicians,,30360,3.2,19.2,39930,0.7,11.52,14.51,18.33,22.7,28.13,23950,30190,38120,47210,58500,
17-3025,Environmental Engineering Technicians,,18770,3.8,18.93,39380,1,11.05,13.79,17.72,22.95,29.04,22980,28680,36850,47740,60390,
17-3026,Industrial Engineering Technicians,,59700,3.9,21.79,45310,0.9,13.2,15.98,20.15,26.14,33.9,27460,33230,41910,54370,70510,
17-3027,Mechanical Engineering Technicians,,53630,3.1,20.6,42850,0.5,13.03,15.96,19.85,24.51,29.18,27110,33190,41280,50970,60700,
17-3031,Surveying and Mapping Technicians,,55670,2.3,15.27,31760,0.7,8.89,10.88,14.05,18.78,23.55,18490,22640,29230,39070,48970,
19-0000,"Life, Physical, and Social Science Occupations",major,1078630,0.9,25.19,52380,0.5,11.92,16.03,22.29,31.21,42.43,24790,33340,46370,64920,88260,
19-1010,Agricultural and Food Scientists,,14920,3.5,25.38,52800,1.1,13.82,17.2,23.4,31.73,41.09,28750,35770,48670,65990,85460,
19-1021,Biochemists and Biophysicists,,15190,6,31.55,65620,2.1,16.31,20.72,29.03,39.46,49.49,33930,43110,60390,82080,102930,
19-1022,Microbiologists,,14730,3.5,26.78,55700,1.8,15.02,18.8,24.53,32.41,41.86,31250,39100,51020,67420,87060,
19-1023,Zoologists and Wildlife Biologists,,12970,3.4,23.68,49250,0.9,14.07,17.84,22.95,27.9,34.26,29260,37100,47740,58040,71270,
19-1031,Conservation Scientists,,13600,2.2,24.43,50820,0.6,14.73,18.89,24.2,29.54,34.02,30630,39300,50340,61440,70770,
19-1032,Foresters,,9760,1.9,23.11,48060,0.6,14.27,17.47,22.47,27.35,33.46,29690,36330,46730,56890,69600,
19-1041,Epidemiologists,,3760,17.8,27.98,58190,2.5,17.26,21.59,25.89,31.97,41.31,35910,44900,53840,66510,85930,
19-1042,"Medical Scientists, Except Epidemiologists",,53840,5.7,31.83,66200,2.4,14.41,19.32,27.4,39.77,55.12,29980,40180,56980,82720,114640,
19-2011,Astronomers,,900,7.6,38.71,80510,1.8,19.3,25.67,39.27,51.07,60.73,40140,53390,81690,106230,126320,
19-2012,Physicists,,11480,5,42.08,87530,1.6,24.21,32.06,40.88,51.64,62.14,50350,66680,85020,107410,129250,
19-2021,Atmospheric and Space Scientists,,7210,4.3,29.33,61000,1.5,14.53,19.22,28.94,36.96,44.44,30220,39970,60200,76880,92430,
19-2031,Chemists,,82050,2.5,27.72,57670,1,14.9,18.95,25.43,34.48,44.31,30980,39410,52890,71710,92170,
19-2032,Materials Scientists,,7090,4.4,32.33,67240,1.8,16.1,22.25,31.05,41.46,51.64,33480,46280,64590,86240,107400,
19-2041,"Environmental Scientists and Specialists, Including Health",,60380,2.1,24.51,50970,0.8,14.39,17.7,22.88,30,37.6,29920,36820,47600,62400,78200,
19-2042,"Geoscientists, Except Hydrologists and Geographers",,26130,10.8,37.83,78690,8.3,17.59,23.26,32.44,49.1,64.09,36580,48370,67470,102120,133310,
19-2043,Hydrologists,,7390,4.3,28.28,58820,1,17.69,21.19,27.18,33.73,41.65,36790,44080,56530,70160,86620,
19-3011,Economists,,13290,3.7,36.62,76180,2.8,18.6,24.31,32.96,43.61,57.9,38690,50560,68550,90710,120440,
19-3021,Market Research Analysts,,122000,2.3,28.97,60260,1.2,14.13,18.63,25.87,36.69,48.16,29390,38760,53810,76310,100160,
19-3022,Survey Researchers,,18350,6.2,14.6,30360,3.7,7.28,8.29,10.67,18.52,27.44,15140,17250,22200,38530,57080,
19-3031,"Clinical, Counseling, and School Psychologists",,100560,1.8,27.18,56540,1.2,14.47,18.54,24.6,32.2,41.86,30090,38560,51170,66970,87060,
19-3032,Industrial-Organizational Psychologists,,1360,11.8,33.49,69670,2.1,17.61,23.34,30.63,39.37,54.16,36620,48540,63710,81880,112660,
19-3041,Sociologists,,2630,12.3,27.17,56520,4.1,13.23,18.42,25.56,34.73,43.55,27520,38320,53160,72230,90580,
19-3051,Urban and Regional Planners,,30460,2.3,24.98,51960,0.7,15.31,18.85,23.98,30.15,36.87,31830,39210,49880,62710,76700,
19-3091,Anthropologists and Archeologists,,4410,6.8,20.38,42380,2.1,11.31,13.62,18.57,25.43,32.57,23520,28320,38620,52900,67740,
19-3092,Geographers,,740,7.7,26.1,54290,1.2,15.7,20.2,25.68,31.91,37.66,32660,42020,53420,66370,78330,
19-3093,Historians,,2110,6.6,21.68,45090,2.9,10.93,14.43,20.21,27.96,35.93,22740,30010,42030,58160,74730,
19-3094,Political Scientists,,5300,7.4,38.48,80040,3.2,18.54,25.54,38.73,50.43,59.93,38560,53130,80560,104880,124660,
19-4011,Agricultural and Food Science Technicians,,15990,3.4,14.91,31010,1,8.78,10.82,13.74,17.81,23.1,18270,22510,28580,37040,48060,
19-4021,Biological Technicians,,45630,2.7,16.65,34630,0.6,10.22,12.49,15.73,19.98,24.81,21250,25980,32710,41550,51590,
19-4031,Chemical Technicians,,67230,3.4,18.7,38890,0.7,10.98,13.92,18,22.87,27.54,22840,28950,37430,47570,57280,
19-4041,Geological and Petroleum Technicians,,10690,9.3,19.94,41470,1.7,9.94,14.46,18.96,24.87,30.38,20670,30070,39430,51740,63190,
19-4051,Nuclear Technicians,,5620,8.9,29.43,61220,1.6,19.07,23.94,28.84,34.55,42.65,39670,49790,59990,71860,88710,
19-4091,"Environmental Science and Protection Technicians, Including Health",,26380,2.9,17.96,37370,0.7,10.24,13.28,16.98,21.85,27.13,21290,27610,35320,45440,56430,
19-4092,Forensic Science Technicians,,7830,3.3,20.81,43280,0.9,12.06,15.2,19.73,25.35,31.49,25080,31620,41040,52730,65500,
19-4093,Forest and Conservation Technicians,,17160,1.4,15.72,32700,0.3,9.67,11.68,14.9,18.94,22.48,20110,24300,30980,39390,46750,
21-0000,Community and Social Services Occupations,major,1576980,0.7,16.65,34630,0.6,8.94,11.49,15.24,20.59,26.64,18590,23900,31690,42830,55410,
21-1011,Substance Abuse and Behavioral Disorder Counselors,,63310,2.4,15.32,31860,0.7,9.4,11.71,14.51,18.04,21.91,19540,24350,30180,37520,45570,
21-1012,"Educational, Vocational, and School Counselors",,208340,1,22.19,46160,1.5,11.99,15.94,21.2,27.29,33.81,24930,33160,44100,56770,70320,
21-1013,Marriage and Family Therapists,,22130,10.6,18.45,38370,4.3,10.08,12.88,17.11,21.45,28.38,20960,26790,35580,44620,59030,
21-1014,Mental Health Counselors,,81030,3.2,15.77,32800,0.7,9.5,11.51,14.39,18.83,24.12,19760,23950,29940,39160,50170,
21-1015,Rehabilitation Counselors,,110580,1.9,13.75,28590,0.7,8.1,9.79,12.43,16.35,21.61,16840,20350,25840,34000,44940,
21-1021,"Child, Family, and School Social Workers",,259990,1.2,17.14,35640,0.9,10.23,12.65,15.94,20.64,26.08,21270,26310,33150,42940,54250,
21-1022,Medical and Public Health Social Workers,,103180,1.3,18.71,38920,0.5,11.46,14.28,17.97,22.38,27.08,23840,29700,37380,46540,56320,
21-1023,Mental Health and Substance Abuse Social Workers,,91240,1.7,16.76,34860,0.6,10.12,12.47,15.79,20.27,25.12,21050,25940,32850,42160,52240,
21-1091,Health Educators,,43240,1.9,18.84,39190,1.2,10.37,13.32,17.43,23.27,29.55,21580,27710,36240,48400,61460,
21-1092,Probation Officers and Correctional Treatment Specialists,,78990,1.7,19.81,41210,0.8,12.41,14.79,18.44,24.3,30.06,25810,30770,38360,50550,62520,
21-1093,Social and Human Service Assistants,,291410,2,12.04,25040,0.6,7.41,8.97,11.24,14.19,18.05,15420,18670,23370,29520,37550,
21-2011,Clergy,,36450,6.5,17.35,36080,1.9,8.36,11.68,15.92,21.52,27.97,17400,24290,33110,44760,58170,
21-2021,"Directors, Religious Activities and Education",,13120,5.6,15.54,32330,2.1,7.2,10.29,13.47,18.83,25.84,14980,21400,28020,39160,53750,
23-0000,Legal Occupations,major,934850,1,37.18,77330,0.9,13.18,18.02,27.89,48.9,#,27410,37480,58010,101720,#,
23-1011,Lawyers,,504370,1.5,50.91,105890,1,21.39,29.35,43.41,65.77,#,44490,61060,90290,136810,#,
23-1021,"Administrative Law Judges, Adjudicators, and Hearing Officers",,16700,1.7,32.76,68130,0.4,16.27,21.24,31.03,42.11,54.92,33840,44170,64540,87580,114230,
23-1022,"Arbitrators, Mediators, and Conciliators",,5090,9.1,26.91,55970,5.3,10.87,15.26,22.75,33.15,49.67,22600,31740,47320,68950,103310,
23-1023,"Judges, Magistrate Judges, and Magistrates",,25100,1.7,40.97,85210,1.2,11.66,21.62,45.23,57.88,66.49,24250,44970,94070,120390,138300,
23-2011,Paralegals and Legal Assistants,,193300,3.3,19.51,40590,1.7,11.77,14.43,18.25,23.44,29.4,24470,30020,37950,48760,61150,
23-2091,Court Reporters,,15270,4.8,21.59,44910,1.8,11.12,14.31,19.98,26.62,35.31,23120,29770,41550,55360,73440,
23-2092,Law Clerks,,41760,6.8,15.42,32070,2.2,7.54,10.83,14.65,19.14,23.14,15670,22530,30460,39820,48140,
23-2093,"Title Examiners, Abstractors, and Searchers",,48060,5.6,17.93,37300,3,9.49,11.76,15.68,21.38,28.99,19740,24460,32610,44460,60290,
25-0000,"Education, Training, and Library Occupations",major,7772470,0.5,19.31,40160,0.9,7.85,11.74,17.76,24.67,32.58,16320,24420,36940,51310,67760,
25-1011,"Business Teachers, Postsecondary",,66520,2,*,61400,1.1,*,*,*,*,*,27160,38820,54950,78260,103150,TRUE
25-1021,"Computer Science Teachers, Postsecondary",,32990,2.5,*,55330,1.1,*,*,*,*,*,26670,36370,49860,69650,91260,TRUE
25-1022,"Mathematical Science Teachers, Postsecondary",,41140,2.2,*,55060,0.8,*,*,*,*,*,27990,38090,50280,67990,89180,TRUE
25-1031,"Architecture Teachers, Postsecondary",,5290,4.8,*,61930,1.7,*,*,*,*,*,33860,44700,57000,73280,92380,TRUE
25-1032,"Engineering Teachers, Postsecondary",,29310,3.5,*,73100,1.3,*,*,*,*,*,36780,50050,68390,89140,115070,TRUE
25-1041,"Agricultural Sciences Teachers, Postsecondary",,11070,5.1,*,67660,1.5,*,*,*,*,*,34770,48760,65990,83980,103190,TRUE
25-1042,"Biological Science Teachers, Postsecondary",,47150,2.5,*,67750,2.5,*,*,*,*,*,30500,40150,55600,82260,119120,TRUE
25-1043,"Forestry and Conservation Science Teachers, Postsecondary",,2350,8.3,*,68030,1.4,*,*,*,*,*,40000,49510,65680,84140,103590,TRUE
25-1051,"Atmospheric, Earth, Marine, and Space Sciences Teachers, Postsecondary",,8270,3.8,*,67320,1.2,*,*,*,*,*,34760,46420,62650,84960,108500,TRUE
25-1052,"Chemistry Teachers, Postsecondary",,17670,4,*,60800,1.3,*,*,*,*,*,32510,42130,54960,73670,95480,TRUE
25-1053,"Environmental Science Teachers, Postsecondary",,3760,5.1,*,63380,1.6,*,*,*,*,*,32580,44440,58810,79790,99240,TRUE
25-1054,"Physics Teachers, Postsecondary",,11940,2.3,*,66960,1,*,*,*,*,*,35160,46720,62640,83330,107370,TRUE
25-1061,"Anthropology and Archeology Teachers, Postsecondary",,4490,2.8,*,62910,1.1,*,*,*,*,*,33940,45780,59250,77730,95210,TRUE
25-1062,"Area, Ethnic, and Cultural Studies Teachers, Postsecondary",,6040,3.6,*,61180,1.3,*,*,*,*,*,34340,43720,55520,75290,96600,TRUE
25-1063,"Economics Teachers, Postsecondary",,11560,2,*,68370,1.3,*,*,*,*,*,33070,46850,63840,84690,108620,TRUE
25-1064,"Geography Teachers, Postsecondary",,3920,3.1,*,59790,0.8,*,*,*,*,*,34160,43450,56290,75020,91010,TRUE
25-1065,"Political Science Teachers, Postsecondary",,11910,2,*,62110,1.3,*,*,*,*,*,32480,42610,57230,75640,98970,TRUE
25-1066,"Psychology Teachers, Postsecondary",,25790,3.2,*,58680,0.9,*,*,*,*,*,29950,40760,53770,71690,94060,TRUE
25-1067,"Sociology Teachers, Postsecondary",,13580,2.5,*,56510,0.9,*,*,*,*,*,29390,39940,52220,69080,89670,TRUE
25-1071,"Health Specialties Teachers, Postsecondary",,85770,4.5,*,72820,2.8,*,*,*,*,*,28070,41900,60510,90170,134500,TRUE
25-1072,"Nursing Instructors and Teachers, Postsecondary",,36500,2.3,*,52970,0.7,*,*,*,*,*,31540,40090,50400,63290,78370,TRUE
25-1081,"Education Teachers, Postsecondary",,42300,2.2,*,52240,1.1,*,*,*,*,*,27800,37150,47950,62780,82990,TRUE
25-1082,"Library Science Teachers, Postsecondary",,3760,3.7,*,54480,1.1,*,*,*,*,*,31820,40870,51770,64980,83390,TRUE
25-1111,"Criminal Justice and Law Enforcement Teachers, Postsecondary",,8870,4.1,*,48890,1.9,*,*,*,*,*,23150,32930,44660,59400,80600,TRUE
25-1112,"Law Teachers, Postsecondary",,10260,5.6,*,88020,1.6,*,*,*,*,*,33090,50640,80770,115800,#,TRUE
25-1113,"Social Work Teachers, Postsecondary",,6480,3.1,*,56070,1.4,*,*,*,*,*,31560,40340,51440,67240,89940,TRUE
25-1121,"Art, Drama, and Music Teachers, Postsecondary",,58130,3.3,*,52350,1,*,*,*,*,*,24780,35690,47560,64060,85620,TRUE
25-1122,"Communications Teachers, Postsecondary",,19660,3,*,52050,0.8,*,*,*,*,*,28630,37150,48470,63820,82590,TRUE
25-1123,"English Language and Literature Teachers, Postsecondary",,55150,2,*,51310,0.8,*,*,*,*,*,26070,35260,46750,62910,84000,TRUE
25-1124,"Foreign Language and Literature Teachers, Postsecondary",,19730,2.7,*,50410,0.9,*,*,*,*,*,26110,34970,46180,61740,81980,TRUE
25-1125,"History Teachers, Postsecondary",,17500,1.8,*,56200,0.7,*,*,*,*,*,30430,39790,51790,69130,89550,TRUE
25-1126,"Philosophy and Religion Teachers, Postsecondary",,14480,2.8,*,53760,0.9,*,*,*,*,*,28490,37830,49010,66210,87310,TRUE
25-1191,Graduate Teaching Assistants,,128470,5.2,*,25420,2.3,*,*,*,*,*,12850,15330,23720,32710,40890,TRUE
25-1192,"Home Economics Teachers, Postsecondary",,4490,4,*,53650,1.7,*,*,*,*,*,24580,37340,49590,67230,89610,TRUE
25-1193,"Recreation and Fitness Studies Teachers, Postsecondary",,14650,2.2,*,46480,1.2,*,*,*,*,*,20230,31090,43630,57830,74350,TRUE
25-1194,"Vocational Education Teachers, Postsecondary",,119350,2,20.35,42340,0.7,11.05,14.34,18.71,24.91,32.84,22970,29830,38920,51810,68310,
25-2011,"Preschool Teachers, Except Special Education",,367300,1.5,10.45,21730,0.7,6.46,7.54,9.26,12.13,16.3,13430,15690,19270,25230,33900,
25-2012,"Kindergarten Teachers, Except Special Education",,162560,1.6,*,42040,2.5,*,*,*,*,*,24960,31610,39810,50730,62890,TRUE
25-2021,"Elementary School Teachers, Except Special Education",,1443160,1.2,*,44080,1.5,*,*,*,*,*,27440,33320,41780,53020,65480,TRUE
25-2022,"Middle School Teachers, Except Special and Vocational Education",,582620,1.6,*,44110,1.2,*,*,*,*,*,28350,33620,41820,52750,64830,TRUE
25-2023,"Vocational Education Teachers, Middle School",,17730,6.5,*,44650,1.2,*,*,*,*,*,29700,34920,42590,52810,65500,TRUE
25-2031,"Secondary School Teachers, Except Special and Vocational Education",,984600,1.4,*,46010,1.1,*,*,*,*,*,28500,34660,43950,55430,68530,TRUE
25-2032,"Vocational Education Teachers, Secondary School",,106920,2.7,*,45850,0.6,*,*,*,*,*,29850,35780,44340,55180,66460,TRUE
25-2041,"Special Education Teachers, Preschool, Kindergarten, and Elementary School",,211530,1.5,*,45510,3,*,*,*,*,*,28680,34160,42690,54340,67810,TRUE
25-2042,"Special Education Teachers, Middle School",,89350,1.8,*,44150,2.1,*,*,*,*,*,28560,33460,41350,52370,65070,TRUE
25-2043,"Special Education Teachers, Secondary School",,134870,4.5,*,47270,2,*,*,*,*,*,29630,35320,44130,56850,71020,TRUE
25-3011,"Adult Literacy, Remedial Education, and Ged Teachers and Instructors",,61440,2.8,19.94,41470,4.3,10.08,13.21,17.5,24,34.3,20970,27470,36400,49920,71350,
25-3021,Self-Enrichment Education Teachers,,136780,2,15.82,32910,1,7.37,9.86,14.09,19.69,26.49,15340,20500,29320,40960,55090,
25-4010,"Archivists, Curators, and Museum Technicians",,20100,2.3,19.11,39750,1.3,9.62,12.69,16.96,23.3,31.76,20010,26400,35270,48460,66050,
25-4021,Librarians,,156920,3.9,21.36,44430,1.1,11.78,16.13,20.72,26.08,32.01,24510,33560,43090,54250,66590,
25-4031,Library Technicians,,111240,4.8,12.16,25280,0.8,6.93,8.73,11.58,14.97,18.27,14410,18150,24090,31140,38000,
25-9011,Audio-Visual Collections Specialists,,9040,10.3,17.01,35370,3.2,8.04,11.14,15.56,22.22,28.11,16720,23160,32360,46220,58460,
25-9021,Farm and Home Management Advisors,,12760,5.5,20.12,41850,1.3,9.22,13.59,18.96,25.74,32.6,19180,28270,39430,53540,67810,
25-9031,Instructional Coordinators,,90350,2.1,23.8,49510,0.6,12.44,16.56,22.77,30.03,36.93,25880,34450,47350,62460,76820,
25-9041,Teacher Assistants,,1227220,1,*,19930,1.3,*,*,*,*,*,12900,14880,18660,23600,29050,TRUE
27-0000,"Arts, Design, Entertainment, Sports, and Media Occupations",major,1503680,1.2,20.03,41660,0.5,7.6,10.91,16.63,24.85,35.29,15810,22700,34580,51680,73390,
27-1011,Art Directors,,23200,3.8,33.55,69790,1.7,15.58,21.51,29.74,40.87,55.56,32410,44740,61850,85010,115570,
27-1013,"Fine Artists, Including Painters, Sculptors, and Illustrators",,10280,4.3,21.03,43750,3.4,8.13,11.52,16.95,23.1,35.37,16900,23970,35260,48040,73560,
27-1014,Multi-Media Artists and Animators,,34150,7.6,24.45,50860,2.4,12.42,16.33,21.14,29.38,40.94,25830,33970,43980,61120,85160,
27-1021,Commercial and Industrial Designers,,35270,5.4,26.04,54160,1.4,13.86,18.87,25.12,32.42,39.49,28820,39240,52260,67430,82130,
27-1022,Fashion Designers,,10310,7.1,28.93,60160,2,12.19,17.09,24.66,36.53,50.61,25350,35550,51290,75970,105280,
27-1023,Floral Designers,,66480,2.5,9.9,20600,1,6.46,7.63,9.37,11.33,14.34,13440,15880,19480,23560,29830,
27-1024,Graphic Designers,,141830,1.5,19.89,41380,1.9,10.51,13.53,17.64,23.47,30.85,21860,28140,36680,48820,64160,
27-1025,Interior Designers,,40670,5.1,21.04,43770,2.3,10.21,13.97,18.84,25.51,33.48,21240,29070,39180,53060,69640,
27-1026,Merchandise Displayers and Window Trimmers,,53350,3.5,12.25,25470,0.9,7.26,8.81,10.84,13.97,19.24,15100,18320,22550,29070,40020,
27-1027,Set and Exhibit Designers,,8280,7.3,17.91,37250,2.7,8.57,11.91,16.28,22.29,30.43,17830,24780,33870,46350,63280,
27-2011,Actors,,52560,12.5,*,42820,4.4,*,*,*,*,*,13330,15320,23470,53320,106360,TRUE
27-2012,Producers and Directors,,50780,3.4,*,61500,3.1,*,*,*,*,*,23300,31990,46240,70910,119760,TRUE
27-2021,Athletes and Sports Competitors,,10400,6.6,*,92540,4.5,*,*,*,*,*,14090,21840,45320,#,#,TRUE
27-2022,Coaches and Scouts,,87720,2.1,*,34170,1.1,*,*,*,*,*,13370,17890,27880,42250,60230,TRUE
27-2023,"Umpires, Referees, and Other Sports Officials",,9190,7.7,*,27010,4.6,*,*,*,*,*,13760,16210,20540,29490,40350,TRUE
27-2031,Dancers,,16580,12,13.17,27390,3.2,6.19,7,10.14,16.66,25.65,12880,14570,21100,34660,53350,
27-2032,Choreographers,,15320,4.8,16.24,33790,2,6.73,9.42,14.17,21.02,27.69,14000,19590,29470,43720,57590,
27-2041,Music Directors and Composers,,8980,11.7,*,39270,4.3,*,*,*,*,*,14590,23820,31310,46350,67330,TRUE
27-2042,Musicians and Singers,,53940,4.6,*,48240,3,*,*,*,*,*,13040,18660,36290,59970,96250,TRUE
27-3010,Announcers,,49790,2.1,14.03,29190,1.6,6.14,7.13,9.91,15.1,24.92,12770,14820,20620,31410,51830,
27-3020,"News Analysts, Reporters and Correspondents",,61100,2.4,18.83,39160,1.3,8.47,10.74,14.67,22.68,33.39,17620,22350,30510,47170,69450,
27-3031,Public Relations Specialists,,136360,1.4,22.4,46590,0.6,11.65,15.05,20.05,27.01,36.11,24240,31300,41710,56180,75100,
27-3041,Editors,,106520,2.3,22.6,47010,0.9,11.54,14.79,19.79,27.1,36.84,24010,30770,41170,56360,76620,
27-3042,Technical Writers,,44780,1.9,25.63,53310,0.7,14.55,18.8,24.32,31.13,38.89,30270,39100,50580,64750,80900,
27-3043,Writers and Authors,,41990,4.1,24.18,50300,3,10.25,14.01,20.57,28.33,40.93,21320,29150,42790,58930,85140,
27-3091,Interpreters and Translators,,18600,3.3,16.78,34900,1.1,9.37,11.97,15.67,20.33,25.99,19480,24900,32590,42290,54050,
27-4011,Audio and Video Equipment Technicians,,35770,4.4,17.57,36550,3.6,8.52,10.9,14.96,21.13,29.53,17710,22670,31110,43950,61420,
27-4012,Broadcast Technicians,,31520,4,16.44,34200,2.6,7.02,9.07,13.35,21.73,31.72,14600,18860,27760,45200,65970,
27-4013,Radio Operators,,2510,6.2,16.53,34380,2.5,8.35,11.54,15.16,19.92,27.09,17380,24000,31530,41430,56340,
27-4014,Sound Engineering Technicians,,11110,7.5,22,45750,2.7,8.91,11.7,17.77,27.57,39.67,18540,24330,36970,57350,82510,
27-4021,Photographers,,63140,2.6,13.85,28810,1.2,7.04,8.53,11.56,16.79,24,14640,17740,24040,34910,49920,
27-4031,"Camera Operators, Television, Video, and Motion Picture",,21370,6.5,17.73,36880,2,7.07,9.91,15.73,24.52,31.28,14710,20610,32720,51000,65070,
27-4032,Film and Video Editors,,15180,9.3,21.42,44540,2.2,9.63,12.88,18.4,26.6,37.53,20030,26780,38270,55330,78070,
29-0000,Healthcare Practitioner and Technical Occupations,major,6185020,0.4,25.96,53990,0.3,11.2,15.4,21.07,28.36,42.68,23290,32040,43820,58990,88760,
29-1011,Chiropractors,,20630,4.9,40.12,83440,3.3,14.06,21.22,31.41,49.23,#,29240,44140,65330,102400,#,
29-1020,Dentists,,92460,4.2,64.11,133350,2.6,25.08,36.26,59.24,#,#,52170,75420,123210,#,#,
29-1031,Dietitians and Nutritionists,,45150,2,20.16,41920,0.6,12.27,15.97,19.79,23.96,28.22,25520,33210,41170,49830,58700,
29-1041,Optometrists,,23040,4.6,45.89,95440,3.1,20.33,29.82,41.39,55.55,#,42280,62030,86090,115550,#,
29-1051,Pharmacists,,219390,1.2,36.13,75140,0.4,26.01,31.83,37.04,41.95,45.47,54110,66210,77050,87250,94570,
29-1061,Anesthesiologists,,24780,12,87.22,181420,2.2,48.01,#,#,#,#,99850,#,#,#,#,
29-1062,Family and General Practitioners,,115020,3.6,65.51,136260,2.1,22.94,42.69,62.79,#,#,47710,88800,130610,#,#,
29-1063,"Internists, General",,50380,4.6,76.13,158350,1.4,37.19,55.82,#,#,#,77360,116100,#,#,#,
29-1064,Obstetricians and Gynecologists,,19970,8.3,86.37,179640,2.7,42.77,67.92,#,#,#,88970,141270,#,#,#,
29-1065,"Pediatricians, General",,27320,9.3,68.44,142360,2.4,36.29,49.97,64.11,#,#,75480,103930,133350,#,#,
29-1066,Psychiatrists,,19750,4,65.01,135220,1.5,26.57,48.1,62.95,#,#,55260,100040,130930,#,#,
29-1067,Surgeons,,51580,4.9,91.15,189590,1.1,53.72,#,#,#,#,111740,#,#,#,#,
29-1071,Physician Assistants,,61910,5.1,30.53,63490,1.7,17.02,23.87,31.09,37.15,43.44,35410,49640,64670,77280,90350,
29-1081,Podiatrists,,7490,8.7,51.65,107430,3.6,19.78,30.05,45.61,66.94,#,41130,62500,94870,139230,#,
29-1111,Registered Nurses,,2239530,0.6,23.96,49840,0.2,16.33,19.3,23.12,27.64,33.5,33970,40140,48090,57490,69670,
29-1121,Audiologists,,10180,5.1,24.92,51840,1.8,15.62,19,23.27,28.09,35.16,32500,39510,48400,58430,73130,
29-1122,Occupational Therapists,,78580,1.5,25.5,53040,0.4,16.89,20.63,24.99,29.63,35.77,35130,42910,51990,61620,74390,
29-1123,Physical Therapists,,130290,1.3,28.93,60180,0.4,19.33,23.31,27.56,33.68,41.47,40200,48480,57330,70050,86260,
29-1124,Radiation Therapists,,13510,6.8,28.9,60110,6.7,16.83,20.05,24.35,29.64,37.99,35010,41710,50640,61660,79020,
29-1125,Recreational Therapists,,26130,1.6,15.23,31670,0.5,8.72,11.14,14.68,18.57,22.68,18130,23180,30540,38620,47180,
29-1126,Respiratory Therapists,,85350,1.2,19.57,40700,0.3,14.55,16.55,19.34,22.18,25.97,30270,34430,40220,46130,54030,
29-1127,Speech-Language Pathologists,,87030,1.5,24.75,51490,0.4,15.66,19.2,23.77,28.94,35.58,32580,39930,49450,60190,74010,
29-1131,Veterinarians,,42900,2,35.44,73720,1.9,18.27,23.58,30.33,41.23,59.31,38000,49050,63090,85770,123370,
29-2011,Medical and Clinical Laboratory Technologists,,146480,1.2,21,43670,0.3,14.68,17.5,20.63,24.43,27.88,30530,36400,42910,50820,58000,
29-2012,Medical and Clinical Laboratory Technicians,,144120,2,14.58,30330,0.7,9.17,11.21,13.96,17.23,21.14,19070,23310,29040,35840,43960,
29-2021,Dental Hygienists,,148530,3,27.78,57790,3,17.34,21.96,26.59,32.48,39.24,36060,45680,55320,67550,81620,
29-2031,Cardiovascular Technologists and Technicians,,42870,1.7,18.12,37680,0.6,10.06,12.85,17.52,22.39,26.96,20920,26730,36430,46570,56080,
29-2032,Diagnostic Medical Sonographers,,36530,4.1,23.9,49710,0.7,17.21,19.92,23.4,26.93,32.06,35800,41420,48660,56020,66680,
29-2033,Nuclear Medicine Technologists,,17090,3.4,25.13,52260,5.5,17.24,19.93,23.44,27.5,33.03,35870,41460,48750,57200,68710,
29-2034,Radiologic Technologists and Technicians,,173540,1.3,19.3,40150,0.5,13.07,15.56,18.74,22.36,26.65,27190,32370,38970,46510,55430,
29-2041,Emergency Medical Technicians and Paramedics,,178700,1.6,12.78,26570,0.7,7.47,9.15,11.55,15.19,20.18,15530,19040,24030,31600,41980,
29-2051,Dietetic Technicians,,28910,3.2,11.59,24100,1.1,6.81,8.17,10.81,14.18,17.15,14170,16990,22490,29480,35680,
29-2052,Pharmacy Technicians,,207380,1.5,11.15,23200,0.5,7.44,8.74,10.7,13.19,15.82,15470,18170,22250,27430,32910,
29-2053,Psychiatric Technicians,,58600,3.4,13.49,28060,1.7,8.18,9.71,12.36,16.55,21.11,17020,20190,25710,34420,43910,
29-2054,Respiratory Therapy Technicians,,26220,1.9,16.79,34930,0.5,11.17,13.68,16.41,19.78,22.98,23230,28460,34130,41140,47800,
29-2055,Surgical Technologists,,72040,4.3,15.36,31960,0.4,10.54,12.5,15,17.66,20.9,21920,26000,31210,36740,43470,
29-2056,Veterinary Technologists and Technicians,,54040,2.1,11.56,24050,0.6,7.78,9.24,11.03,13.41,16.22,16170,19210,22950,27890,33750,
29-2061,Licensed Practical and Licensed Vocational Nurses,,692290,0.7,15.53,32300,0.2,10.99,12.71,15.12,17.81,21.17,22860,26430,31440,37050,44040,
29-2071,Medical Records and Health Information Technicians,,145270,1.3,12.49,25980,0.4,7.92,9.4,11.49,14.71,18.57,16460,19550,23890,30600,38640,
29-2081,"Opticians, Dispensing",,61790,3.8,13.38,27830,1.4,7.84,9.6,12.31,16.12,20.91,16310,19960,25600,33530,43490,
29-2091,Orthotists and Prosthetists,,4480,7,25.68,53410,2.8,11.21,15.95,22.24,31.52,40.81,23310,33180,46260,65560,84890,
29-9010,Occupational Health and Safety Specialists and Technicians,,39060,2,22.85,47530,0.7,12.06,16.48,22.12,27.99,34.35,25080,34280,46010,58230,71450,
29-9091,Athletic Trainers,,13500,11.6,*,36070,2.5,*,*,*,*,*,19930,27290,33820,42080,55610,TRUE
31-0000,Healthcare Support Occupations,major,3173400,0.5,10.77,22410,0.2,7.11,8.3,10.11,12.63,15.75,14790,17250,21040,26280,32750,
31-1011,Home Health Aides,,569670,1.3,9.16,19050,0.4,6.56,7.54,8.7,10.37,12.34,13640,15680,18090,21560,25670,
31-1012,"Nursing Aides, Orderlies, and Attendants",,1329310,0.5,9.87,20540,0.3,6.98,8.06,9.59,11.39,13.54,14510,16770,19960,23690,28160,
31-1013,Psychiatric Aides,,56260,3.2,11.42,23760,0.7,7.52,8.97,11.04,13.74,16.16,15640,18650,22970,28580,33620,
31-2011,Occupational Therapist Assistants,,17970,2.1,17.76,36950,0.6,12.31,14.95,17.62,20.69,23.31,25600,31090,36660,43030,48480,
31-2012,Occupational Therapist Aides,,8040,5.2,11.78,24510,1.2,7.41,8.67,10.6,14,18.35,15400,18040,22040,29130,38170,
31-2021,Physical Therapist Assistants,,50430,1.8,17.48,36360,0.6,11.31,14.55,17.34,20.57,23.51,23530,30260,36080,42780,48910,
31-2022,Physical Therapist Aides,,37330,2,10.63,22120,1,7.35,8.38,9.94,11.81,14.42,15290,17430,20670,24560,29990,
31-9011,Massage Therapists,,27160,3.8,16.21,33720,2,6.83,8.83,13.75,22.48,30,14210,18370,28610,46750,62390,
31-9091,Dental Assistants,,268220,2.2,13.42,27910,1.4,8.45,10.35,13.1,16.2,19.41,17570,21520,27240,33690,40370,
31-9092,Medical Assistants,,361960,2,11.93,24810,0.4,8.48,9.74,11.51,13.66,16.41,17640,20260,23940,28410,34130,
31-9093,Medical Equipment Preparers,,35490,2.9,11.5,23910,0.7,7.96,9.32,11.04,13.34,15.99,16550,19390,22960,27750,33250,
31-9094,Medical Transcriptionists,,99160,1.6,13.33,27730,0.4,9.27,10.87,13.05,15.63,17.97,19280,22600,27140,32510,37380,
31-9095,Pharmacy Aides,,58020,2.3,9.47,19700,0.6,6.36,7.41,8.86,11,13.71,13220,15420,18430,22890,28520,
31-9096,Veterinary Assistants and Laboratory Animal Caretakers,,62740,2.4,9.07,18870,0.9,6.32,7.24,8.55,10.39,12.68,13140,15050,17790,21610,26370,
33-0000,Protective Service Occupations,major,2993490,0.6,16.02,33330,0.7,7.35,9.47,13.87,21.09,28.01,15280,19700,28850,43860,58260,
33-1011,First-Line Supervisors/Managers of Correctional Officers,,31210,1.2,22.59,47000,1.1,14.05,16.21,21.6,28.44,33.35,29220,33730,44940,59160,69370,
33-1012,First-Line Supervisors/Managers of Police and Detectives,,109530,1.4,29.64,61650,0.6,17.47,22.7,29.33,35.87,43.3,36340,47210,61010,74610,90070,
33-1021,First-Line Supervisors/Managers of Fire Fighting and Prevention Workers,,60900,2.4,27.28,56750,0.9,16.44,21.11,26.66,32.92,40.74,34190,43920,55450,68480,84730,
33-2011,Fire Fighters,,273850,1.9,18.04,37530,1,8.51,12.53,17.42,22.96,28.22,17700,26070,36230,47760,58710,
33-2021,Fire Inspectors and Investigators,,12140,3,22.11,46000,1,13.15,16.69,21.64,27.18,33.15,27350,34720,45010,56540,68960,
33-2022,Forest Fire Inspectors and Prevention Specialists,,1450,13.9,19.58,40720,3.6,10.06,13.59,18.04,24.14,34.01,20930,28260,37530,50210,70730,
33-3011,Bailiffs,,14390,2.6,16.47,34250,0.9,8.11,11.04,15.73,21.29,26.57,16870,22960,32710,44280,55270,
33-3012,Correctional Officers and Jailers,,400190,1.1,16.66,34650,0.6,10.58,12.48,15.71,20.49,25.18,22010,25950,32670,42620,52370,
33-3021,Detectives and Criminal Investigators,,88460,1.5,25.46,52960,0.6,14.91,18.76,24.71,31.72,38.64,31010,39010,51410,65980,80380,
33-3031,Fish and Game Wardens,,7080,0.8,21.12,43920,0.4,12.67,15.64,19.72,24.24,28.79,26340,32540,41010,50420,59890,
33-3041,Parking Enforcement Workers,,10180,4.7,14.07,29260,1.6,8.31,10.45,13.52,17.41,20.99,17290,21730,28110,36210,43670,
33-3051,Police and Sheriff's Patrol Officers,,597650,1.4,20.86,43390,0.7,12.15,15.53,20.32,25.72,31.41,25270,32300,42270,53500,65330,
33-3052,Transit and Railroad Police,,6010,6.1,22,45750,3.1,12.85,16.96,21.01,26.68,33.68,26730,35270,43710,55500,70050,
33-9011,Animal Control Workers,,10420,2.6,12.49,25980,0.7,7.13,9.39,11.91,15.23,18.71,14830,19520,24780,31670,38910,
33-9021,Private Detectives and Investigators,,31170,4,16.47,34250,1.6,8.62,10.57,14.09,20.06,27.58,17920,21980,29300,41710,57370,
33-9031,Gaming Surveillance Officers and Gaming Investigators,,8760,5,11.79,24520,1.4,7.66,9.43,11.11,13.66,16.91,15930,19620,23110,28420,35170,
33-9032,Security Guards,,977650,0.8,10.13,21060,0.3,6.61,7.65,9.2,11.5,15.16,13740,15910,19140,23920,31540,
33-9091,Crossing Guards,,73020,2.8,9.79,20370,1.2,6.21,7.18,8.98,11.3,14.24,12910,14940,18680,23510,29620,
35-0000,Food Preparation and Serving Related Occupations,major,10067080,0.3,8.26,17180,0.3,5.82,6.43,7.33,9.14,11.97,12110,13370,15240,19020,24900,
35-1011,Chefs and Head Cooks,,120430,3,15.38,32000,1.5,7.66,9.86,13.43,19.03,25.86,15940,20520,27940,39590,53780,
35-1012,First-Line Supervisors/Managers of Food Preparation and Serving Workers,,661050,1,12.78,26590,0.9,7.57,9.17,11.73,15.28,19.47,15740,19080,24390,31790,40490,
35-2011,"Cooks, Fast Food",,582630,2.1,7.18,14930,0.5,5.68,6.16,6.9,8.03,9.13,11820,12810,14350,16700,18990,
35-2012,"Cooks, Institution and Cafeteria",,416710,0.8,9.23,19190,0.3,6.1,7.06,8.72,10.83,13.34,12700,14690,18140,22520,27750,
35-2014,"Cooks, Restaurant",,715520,1.6,9.54,19850,0.5,6.58,7.64,9.16,10.93,13.21,13680,15890,19050,22740,27470,
35-2015,"Cooks, Short Order",,223030,4.4,8.24,17130,0.9,5.93,6.69,7.82,9.59,11.25,12330,13920,16270,19950,23390,
35-2021,Food Preparation Workers,,836540,1.4,8.27,17200,0.4,5.96,6.72,7.85,9.43,11.37,12390,13980,16330,19610,23650,
35-3011,Bartenders,,453390,1.6,8.12,16900,0.6,5.76,6.33,7.21,9.02,11.96,11970,13170,15000,18760,24870,
35-3021,"Combined Food Preparation and Serving Workers, Including Fast Food",,2000070,1.3,7.28,15150,0.3,5.74,6.23,6.97,8.08,9.33,11930,12960,14500,16800,19410,
35-3022,"Counter Attendants, Cafeteria, Food Concession, and Coffee Shop",,466270,4.1,7.74,16090,0.9,5.87,6.52,7.32,8.53,10.39,12200,13560,15230,17740,21600,
35-3031,Waiters and Waitresses,,2086120,0.8,7.58,15770,0.5,5.7,6.13,6.8,8,11,11860,12750,14150,16650,22870,
35-3041,"Food Servers, Nonrestaurant",,193980,2.5,8.21,17070,0.6,5.87,6.51,7.52,9.36,11.72,12210,13530,15640,19470,24380,
35-9011,Dining Room and Cafeteria Attendants and Bartender Helpers,,404210,1.5,7.37,15330,0.4,5.8,6.33,6.99,8.1,9.7,12060,13160,14530,16850,20170,
35-9021,Dishwashers,,499070,1.4,7.41,15410,0.4,5.82,6.4,7.15,8.28,9.41,12100,13300,14860,17220,19570,
35-9031,"Hosts and Hostesses, Restaurant, Lounge, and Coffee Shop",,295170,1.5,7.76,16130,0.4,5.89,6.54,7.36,8.58,10.32,12250,13600,15310,17860,21470,
37-0000,Building and Grounds Cleaning and Maintenance Occupations,major,4262880,0.3,10.02,20850,0.2,6.31,7.3,8.93,11.66,15.53,13120,15190,18570,24260,32310,
37-1011,First-Line Supervisors/Managers of Housekeeping and Janitorial Workers,,204710,1.2,14.63,30430,0.5,8.41,10.35,13.53,17.76,22.39,17490,21520,28140,36940,46570,
37-1012,"First-Line Supervisors/Managers of Landscaping, Lawn Service, and Groundskeeping Workers",,95600,1.9,17.41,36220,0.8,9.94,12.38,15.89,20.81,26.71,20670,25750,33050,43280,55560,
37-2011,"Janitors and Cleaners, Except Maids and Housekeeping Cleaners",,2052090,0.5,9.69,20150,0.3,6.21,7.17,8.77,11.37,14.76,12920,14920,18250,23650,30700,
37-2012,Maids and Housekeeping Cleaners,,912340,0.9,8.33,17330,0.3,6.04,6.83,7.9,9.33,11.42,12560,14210,16440,19400,23750,
37-2021,Pest Control Workers,,57370,1.8,12.58,26180,0.9,7.53,9.46,11.9,14.93,18.63,15670,19680,24760,31060,38750,
37-3011,Landscaping and Groundskeeping Workers,,792170,0.8,10.33,21490,0.3,6.83,7.86,9.51,11.91,15.32,14210,16350,19770,24770,31860,
37-3012,"Pesticide Handlers, Sprayers, and Applicators, Vegetation",,22000,3.3,12.48,25960,1.2,7.9,9.74,11.94,14.58,17.61,16430,20260,24830,30320,36630,
37-3013,Tree Trimmers and Pruners,,43530,6.7,12.92,26870,1.2,8.02,9.6,12.07,15.35,19.59,16680,19980,25110,31930,40750,
39-0000,Personal Care and Service Occupations,major,2919280,0.6,10.27,21370,0.7,6.06,6.91,8.43,11.25,16.89,12610,14370,17540,23390,35140,
39-1011,Gaming Supervisors,,25610,2.4,19.32,40180,2.3,10.78,14.3,18.89,23.48,27.58,22430,29750,39290,48840,57380,
39-1012,Slot Key Persons,,14380,4.4,11.8,24540,1,7.55,8.86,11,13.75,17.38,15690,18430,22870,28610,36140,
39-1021,First-Line Supervisors/Managers of Personal Service Workers,,106680,1.7,15.45,32130,0.6,8.67,10.84,13.92,18.38,24.69,18040,22550,28960,38230,51350,
39-2011,Animal Trainers,,6780,6.7,13.08,27210,3.2,6.87,8.21,11.03,15.96,21.65,14290,17080,22950,33200,45040,
39-2021,Nonfarm Animal Caretakers,,86700,2,9.01,18750,0.6,6.13,6.95,8.21,10.26,13.39,12750,14450,17080,21350,27850,
39-3011,Gaming Dealers,,75690,2,7.82,16270,1.5,5.69,6.11,6.78,7.46,12.68,11830,12720,14090,15510,26380,
39-3012,Gaming and Sports Book Writers and Runners,,13820,6,9.95,20700,2.5,6.49,7.42,8.97,11.23,15.89,13500,15430,18660,23350,33050,
39-3021,Motion Picture Projectionists,,9600,10.3,9.82,20420,3.6,5.96,6.72,7.97,11.22,16.07,12400,13970,16580,23330,33420,
39-3031,"Ushers, Lobby Attendants, and Ticket Takers",,106050,3.5,7.93,16490,1.1,5.81,6.32,7.02,8.44,11.62,12080,13150,14600,17550,24170,
39-3091,Amusement and Recreation Attendants,,225100,3.4,7.87,16360,0.5,5.86,6.47,7.18,8.55,10.72,12200,13460,14920,17780,22310,
39-3092,Costume Attendants,,3660,6.5,12.93,26890,2.4,7.04,8.82,11.62,15.35,21.31,14640,18340,24160,31920,44320,
39-3093,"Locker Room, Coatroom, and Dressing Room Attendants",,21660,2,8.55,17780,0.5,6.18,7.05,8.14,9.66,11.37,12840,14650,16930,20100,23640,
39-4011,Embalmers,,6790,4.6,17.38,36160,1.7,8.98,12.24,16.46,20.87,26.4,18690,25460,34240,43400,54920,
39-4021,Funeral Attendants,,25950,2.7,9.52,19800,1.2,6.15,7.13,8.75,10.85,14.2,12780,14840,18190,22560,29530,
39-5011,Barbers,,18350,5.4,10.77,22390,1.6,6.12,6.99,9.4,13.12,17.96,12720,14540,19550,27290,37370,
39-5012,"Hairdressers, Hairstylists, and Cosmetologists",,330730,1.2,10.63,22110,0.8,6.26,7.22,9.12,12.31,16.94,13020,15010,18960,25600,35240,
39-5091,"Makeup Artists, Theatrical and Performance",,830,11.5,15.44,32120,5.7,7.38,9.39,11.89,18.54,30.08,15340,19530,24730,38560,62570,
39-5092,Manicurists and Pedicurists,,31350,7.7,9.04,18810,1.5,6.12,6.95,8.33,10.44,13.06,12730,14460,17330,21700,27170,
39-5093,Shampooers,,15410,6.3,7.3,15190,1.3,5.73,6.19,6.91,8.17,9.83,11930,12870,14360,16980,20440,
39-5094,Skin Care Specialists,,15580,4.3,12.33,25650,1.3,6.51,7.84,10.8,14.96,21.07,13530,16300,22450,31110,43830,
39-6011,Baggage Porters and Bellhops,,57650,4.7,10.79,22440,2,6.1,6.9,8.58,13.38,20.29,12690,14350,17860,27830,42200,
39-6012,Concierges,,16770,5.2,11.39,23680,1.8,7.16,8.48,10.44,14.01,16.83,14900,17630,21720,29150,35000,
39-6021,Tour Guides and Escorts,,28480,3.6,9.63,20040,1,6.23,7.16,8.9,11.19,14.05,12970,14890,18500,23280,29230,
39-6022,Travel Guides,,4960,12.4,14.25,29640,3.8,7.73,9.82,12.55,16.35,22.15,16080,20430,26110,34010,46070,
39-6031,Flight Attendants,,104360,5.5,*,***,***,*,*,*,*,*,***,***,***,***,***,TRUE
39-6032,"Transportation Attendants, Except Flight Attendants and Baggage Porters",,26580,5.4,10.07,20940,1.5,6.17,7.15,9,11.87,16.02,12830,14870,18720,24700,33330,
39-9011,Child Care Workers,,456260,1.3,8.32,17310,0.7,5.91,6.66,7.86,9.65,11.46,12300,13850,16350,20080,23840,
39-9021,Personal and Home Care Aides,,451040,1.6,8.07,16790,0.6,5.9,6.65,7.81,9.06,10.67,12270,13840,16250,18850,22180,
39-9031,Fitness Trainers and Aerobics Instructors,,169920,2.2,14.38,29910,1.2,6.78,8.06,11.51,18.18,26.22,14090,16750,23950,37810,54540,
39-9032,Recreation Workers,,267930,1.7,9.89,20580,0.5,6.19,7.09,8.69,11.36,15.72,12870,14750,18060,23630,32700,
39-9041,Residential Advisors,,48530,3.1,10.77,22410,0.9,6.95,8.17,9.95,12.5,16.37,14470,16990,20700,26000,34060,
41-0000,Sales and Related Occupations,major,13339570,0.2,14.72,30610,0.3,6.32,7.39,9.99,16.97,28.28,13150,15370,20770,35300,58820,
41-1011,First-Line Supervisors/Managers of Retail Sales Workers,,1197190,0.4,16.72,34770,0.2,8.84,10.96,14.28,19.28,26.83,18380,22790,29700,40100,55810,
41-1012,First-Line Supervisors/Managers of Non-Retail Sales Workers,,325450,1,30.9,64270,0.6,12.87,18.12,25.49,37.35,54.91,26780,37680,53020,77690,114210,
41-2011,Cashiers,,3375510,0.5,8.02,16680,0.3,5.86,6.51,7.41,8.73,10.97,12200,13530,15420,18150,22810,
41-2012,Gaming Change Persons and Booth Cashiers,,32930,3.1,9.66,20090,0.8,6.69,7.74,9.42,11.18,13.09,13920,16100,19600,23260,27240,
41-2021,Counter and Rental Clerks,,425380,1.4,9.64,20040,0.4,6.03,6.89,8.31,10.91,15.1,12550,14330,17280,22680,31400,
41-2022,Parts Salespersons,,243170,1.2,12.82,26670,0.4,7.22,8.83,11.51,15.68,20.54,15020,18360,23950,32600,42720,
41-2031,Retail Salespersons,,3894760,0.4,10.46,21750,0.2,6.18,7.08,8.51,11.3,16.96,12850,14720,17710,23500,35290,
41-3011,Advertising Sales Agents,,141360,1.5,22.89,47610,1.3,9.34,12.63,18.11,27.66,42.1,19430,26280,37670,57530,87560,
41-3021,Insurance Sales Agents,,274830,2.1,25.86,53800,1.7,10.45,13.88,19.59,30.99,48.78,21730,28860,40750,64450,101460,
41-3031,"Securities, Commodities, and Financial Services Sales Agents",,254600,2.3,41.21,85710,1.8,12.76,17.4,29.32,56.27,#,26540,36180,60990,117050,#,
41-3041,Travel Agents,,104550,1.8,13.64,28370,1.2,7.95,10,12.8,16.14,20.03,16530,20800,26630,33580,41660,
41-4011,"Sales Representatives, Wholesale and Manufacturing, Technical and Scientific Products",,371580,1.5,30.51,63460,0.7,13.83,18.98,26.8,38.16,51.93,28770,39480,55740,79380,108010,
41-4012,"Sales Representatives, Wholesale and Manufacturing, Except Technical and Scientific Products",,1375380,0.8,24.58,51130,0.4,10.87,14.74,20.54,29.31,42.79,22610,30660,42730,60970,88990,
41-9011,Demonstrators and Product Promoters,,101420,3,12.19,25360,1.1,7.04,7.99,9.8,13.83,20.59,14640,16620,20380,28760,42840,
41-9012,Models,,2260,10.5,12.15,25280,4.3,6.7,8.01,10.29,13.65,17.62,13930,16650,21400,28400,36660,
41-9021,Real Estate Brokers,,40810,5.9,34.68,72130,4.9,8.62,14.06,24.2,43.35,#,17920,29240,50330,90170,#,
41-9022,Real Estate Sales Agents,,125960,3.2,20.42,42470,2.1,7.44,10.1,14.87,25.41,40.28,15480,21010,30930,52860,83780,
41-9031,Sales Engineers,,79300,3,33.27,69200,0.8,18,23.39,30.61,40.81,51.96,37430,48650,63660,84880,108080,
41-9041,Telemarketers,,419740,1.8,10.74,22330,0.6,6.81,7.78,9.4,12.08,16.63,14160,16180,19550,25130,34590,
41-9091,"Door-To-Door Sales Workers, News and Street Vendors, and Related Workers",,25780,4.3,14.48,30120,1.5,6.46,7.89,12.18,18.48,25.77,13430,16420,25340,38430,53610,
43-0000,Office and Administrative Support Occupations,major,22754570,0.2,13.42,27910,0.1,7.65,9.56,12.34,16.33,20.71,15900,19880,25670,33970,43070,
43-1011,First-Line Supervisors/Managers of Office and Administrative Support Workers,,1400240,0.5,20.22,42060,0.2,11.36,14.4,18.66,24.35,31.34,23630,29960,38820,50660,65180,
43-2011,"Switchboard Operators, Including Answering Service",,226890,1.1,10.56,21970,0.3,7.13,8.41,10.19,12.27,14.59,14830,17490,21190,25520,30350,
43-2021,Telephone Operators,,46420,5.3,14.11,29340,1.2,8.09,9.86,13.75,18.35,20.8,16820,20510,28600,38170,43270,
43-3011,Bill and Account Collectors,,407280,1.5,13.62,28330,0.3,8.97,10.54,12.88,15.9,19.45,18650,21920,26780,33060,40460,
43-3021,Billing and Posting Clerks and Machine Operators,,491000,0.9,13.04,27120,0.2,8.8,10.37,12.55,15.15,18.04,18300,21570,26110,31510,37530,
43-3031,"Bookkeeping, Accounting, and Auditing Clerks",,1728730,0.5,13.77,28650,0.2,8.49,10.51,13.16,16.45,20.13,17670,21860,27380,34210,41870,
43-3041,Gaming Cage Workers,,18320,3.9,10.77,22400,0.7,7.79,8.98,10.47,12.5,14.29,16210,18670,21780,26000,29720,
43-3051,Payroll and Timekeeping Clerks,,191500,1,14.5,30150,0.2,9.36,11.42,13.94,17.09,20.69,19470,23750,29000,35550,43040,
43-3061,Procurement Clerks,,73570,1.1,14.61,30380,0.3,9.22,11.35,14.23,17.31,20.62,19180,23600,29600,36010,42890,
43-3071,Tellers,,526750,1.1,9.97,20750,0.3,7.41,8.42,9.81,11.19,13.2,15420,17510,20400,23270,27460,
43-4011,Brokerage Clerks,,75480,3.6,17.09,35540,1.6,10.54,12.91,15.97,20.2,25.68,21920,26860,33210,42020,53410,
43-4021,Correspondence Clerks,,32160,3.7,13.01,27060,0.4,9.07,10.4,12.48,14.92,17.91,18860,21630,25960,31030,37260,
43-4031,"Court, Municipal, and License Clerks",,99010,2,14.04,29210,0.7,8.57,10.53,13.12,16.59,20.96,17830,21890,27300,34500,43600,
43-4041,"Credit Authorizers, Checkers, and Clerks",,79400,2.4,13.92,28960,0.8,8.8,10.38,12.83,16.22,20.55,18290,21580,26690,33740,42730,
43-4051,Customer Service Representatives,,1854750,0.7,13.58,28240,0.2,8.29,10.08,12.62,16.13,20.67,17230,20960,26240,33540,42990,
43-4061,"Eligibility Interviewers, Government Programs",,89400,3,15.59,32440,0.8,10.87,12.62,14.91,18.13,21.71,22620,26250,31010,37720,45160,
43-4071,File Clerks,,258680,1.7,10.19,21190,0.4,6.78,7.87,9.63,11.82,14.62,14090,16370,20020,24590,30400,
43-4081,"Hotel, Motel, and Resort Desk Clerks",,176140,1.2,8.71,18110,0.4,6.26,7.22,8.35,9.84,11.49,13020,15020,17370,20470,23900,
43-4111,"Interviewers, Except Eligibility and Loan",,190390,2.4,11.07,23020,0.7,7.24,8.47,10.43,13.01,16.05,15070,17620,21690,27060,33380,
43-4121,"Library Assistants, Clerical",,113760,2.8,10.04,20880,0.7,6.26,7.28,9.35,12.23,15.11,13030,15150,19450,25430,31420,
43-4131,Loan Interviewers and Clerks,,163660,1.7,14.09,29300,0.4,9.25,10.97,13.38,16.58,20.23,19230,22830,27830,34490,42090,
43-4141,New Accounts Clerks,,97770,2.3,12.8,26620,0.6,9.14,10.25,12.11,14.52,17.29,19010,21320,25200,30190,35960,
43-4151,Order Clerks,,327120,1.3,12.67,26350,0.4,7.72,9.44,11.93,15.17,18.56,16050,19630,24810,31550,38610,
43-4161,"Human Resources Assistants, Except Payroll and Timekeeping",,167480,0.7,15.16,31530,0.2,9.83,11.95,14.62,17.78,21.35,20440,24860,30410,36970,44400,
43-4171,Receptionists and Information Clerks,,1063020,0.9,10.56,21970,0.3,7.02,8.29,10.17,12.42,14.86,14590,17250,21150,25830,30910,
43-4181,Reservation and Transportation Ticket Agents and Travel Clerks,,174170,3.7,13.78,28670,1.3,8.18,9.76,12.19,18.23,21.59,17010,20310,25350,37920,44910,
43-5011,Cargo and Freight Agents,,59440,3.1,16.03,33350,1.3,8.82,11.28,15.1,19.8,24.28,18350,23460,31410,41190,50500,
43-5021,Couriers and Messengers,,120900,2.1,9.96,20720,0.6,6.63,7.59,9.32,11.46,14.3,13790,15780,19390,23840,29750,
43-5031,"Police, Fire, and Ambulance Dispatchers",,89280,1.9,13.89,28900,0.5,8.49,10.56,13.3,16.71,20.63,17670,21970,27660,34760,42910,
43-5032,"Dispatchers, Except Police, Fire, and Ambulance",,168380,1.7,15.7,32660,0.7,8.79,11.06,14.56,19.33,24.46,18290,23000,30280,40210,50880,
43-5041,"Meter Readers, Utilities",,52510,2.4,14.74,30660,0.7,8.76,10.71,13.86,18.31,22.54,18210,22280,28830,38080,46880,
43-5051,Postal Service Clerks,,79760,0,18.72,38930,0.3,17.14,17.87,19.08,20.3,21.03,35640,37160,39700,42230,43750,
43-5052,Postal Service Mail Carriers,,347420,0,18.8,39110,0.3,14.99,17.32,19,20.69,22.84,31180,36020,39530,43040,47500,
43-5053,"Postal Service Mail Sorters, Processors, and Processing Machine Operators",,262440,0,16.86,35080,0.4,10.42,14.49,18.34,19.93,20.88,21680,30140,38150,41450,43430,
43-5061,"Production, Planning, and Expediting Clerks",,279640,1,16.87,35080,0.3,9.46,12.14,16.18,20.74,25.84,19680,25250,33650,43130,53750,
43-5071,"Shipping, Receiving, and Traffic Clerks",,792470,0.6,12.02,24990,0.2,7.6,9.12,11.26,14.16,17.6,15810,18960,23420,29450,36620,
43-5081,Stock Clerks and Order Fillers,,1608230,0.6,10.21,21240,0.2,6.56,7.59,9.26,11.94,15.43,13640,15800,19270,24830,32090,
43-5111,"Weighers, Measurers, Checkers, and Samplers, Recordkeeping",,77050,1.9,12.85,26740,0.8,7.64,9.17,11.62,15.38,20.7,15890,19080,24170,31990,43060,
43-6011,Executive Secretaries and Administrative Assistants,,1407950,0.8,16.85,35050,0.2,10.71,12.97,16.06,19.88,24.24,22270,26980,33410,41350,50420,
43-6012,Legal Secretaries,,259010,2.9,17.59,36580,1.2,10.57,13.24,16.84,21.5,26.35,21990,27540,35020,44720,54810,
43-6013,Medical Secretaries,,336200,2.6,12.83,26690,0.9,8.8,10.14,12.23,14.94,18.05,18310,21090,25430,31070,37550,
43-6014,"Secretaries, Except Legal, Medical, and Executive",,1796480,0.7,12.69,26390,0.3,7.64,9.65,12.16,15.28,18.59,15890,20060,25290,31790,38670,
43-9011,Computer Operators,,172640,1.2,15.21,31640,0.5,8.95,11.07,14.26,18.25,22.49,18610,23040,29650,37950,46780,
43-9021,Data Entry Keyers,,376970,1.2,11.15,23190,0.3,7.65,9.04,10.77,12.9,15.41,15910,18810,22390,26840,32040,
43-9022,Word Processors and Typists,,209200,1.8,13.38,27830,0.6,8.54,10.36,12.85,15.84,19.45,17750,21540,26730,32950,40450,
43-9031,Desktop Publishers,,34280,3.6,16.21,33730,0.9,8.97,11.55,15.2,19.84,25.26,18670,24030,31620,41280,52540,
43-9041,Insurance Claims and Policy Processing Clerks,,252590,2,14.95,31090,0.5,9.53,11.32,13.88,17.29,21.9,19830,23550,28870,35970,45550,
43-9051,"Mail Clerks and Mail Machine Operators, Except Postal Service",,161850,1.5,10.64,22130,0.4,7.13,8.43,10.19,12.44,14.94,14820,17540,21190,25870,31080,
43-9061,"Office Clerks, General",,2857300,0.7,11.32,23540,0.2,6.86,8.48,10.71,13.55,16.77,14260,17630,22280,28190,34890,
43-9071,"Office Machine Operators, Except Computer",,93340,2.3,11.25,23400,0.5,7.43,8.68,10.47,13.06,16.39,15460,18060,21770,27160,34080,
43-9081,Proofreaders and Copy Markers,,25310,4.4,12.62,26240,1,7.56,9.27,11.68,15.12,18.91,15730,19290,24280,31440,39330,
43-9111,Statistical Assistants,,22330,3.9,15,31190,0.8,9.17,11.06,14.17,17.97,21.97,19080,23000,29470,37380,45700,
45-0000,"Farming, Fishing, and Forestry Occupations",major,451140,1.7,9.72,20220,0.6,6.43,6.97,8.01,10.86,15.74,13370,14500,16660,22590,32740,
45-1011,"First-Line Supervisors/Managers of Farming, Fishing, and Forestry Workers",,20910,3.4,17.78,36970,0.7,9.32,12.09,16.43,21.69,28.26,19390,25150,34170,45110,58770,
45-1012,Farm Labor Contractors,,5830,14.3,12.61,26220,11.6,6.66,6.94,7.39,12.68,27.07,13850,14430,15370,26370,56310,
45-2011,Agricultural Inspectors,,13760,7.8,15.09,31380,1.5,9.1,10.44,13.76,18.79,23.94,18920,21720,28620,39080,49790,
45-2021,Animal Breeders,,1590,8.5,14.11,29340,3.4,7.51,9.42,12.06,17.38,23.95,15630,19600,25090,36140,49810,
45-2041,"Graders and Sorters, Agricultural Products",,54500,3.4,8.5,17670,0.7,6.22,6.88,7.67,9.3,11.8,12930,14320,15940,19350,24540,
45-2091,Agricultural Equipment Operators,,21830,6.2,9.25,19240,1.8,6.11,6.96,8.31,10.78,13.89,12710,14470,17290,22420,28890,
45-2092,"Farmworkers and Laborers, Crop, Nursery, and Greenhouse",,218020,3.2,7.86,16340,0.7,6.24,6.85,7.24,8.37,10.32,12980,14260,15070,17410,21460,
45-2093,"Farmworkers, Farm and Ranch Animals",,38260,3.8,8.93,18560,0.8,6.27,6.98,8.22,10.32,13.01,13030,14520,17090,21480,27070,
45-4011,Forest and Conservation Workers,,9140,3.2,10.93,22730,1.1,6.89,7.57,9.12,13.05,18.19,14340,15760,18960,27140,37840,
45-4021,Fallers,,10180,7.7,15.43,32090,3.2,7.57,9.89,13.54,18.15,28.23,15750,20570,28160,37740,58720,
45-4022,Logging Equipment Operators,,29060,3.4,13.39,27850,1.5,8.2,10.27,12.88,16.19,19.18,17050,21360,26790,33680,39880,
45-4023,Log Graders and Scalers,,4730,6,13.87,28840,1.7,8.33,10.4,13.08,16.45,20.65,17320,21630,27200,34210,42960,
47-0000,Construction and Extraction Occupations,major,6124600,0.3,17.47,36340,0.2,9.01,11.55,15.94,22.1,28.61,18750,24030,33160,45960,59500,
47-1011,First-Line Supervisors/Managers of Construction Trades and Extraction Workers,,508620,0.8,24.5,50960,0.3,14.63,18.11,22.92,29.12,36.28,30420,37660,47670,60580,75460,
47-2011,Boilermakers,,24560,5.2,20.46,42550,1.2,12.24,16.24,20.17,25.09,28.96,25450,33780,41960,52180,60240,
47-2021,Brickmasons and Blockmasons,,109900,2.2,20.48,42600,0.7,11.55,15.36,20.11,25.32,30.66,24030,31950,41840,52670,63770,
47-2022,Stonemasons,,12870,7.7,17.08,35530,2.2,9.43,12.06,16.36,20.76,26.59,19610,25090,34040,43190,55310,
47-2031,Carpenters,,856750,0.9,17.71,36840,0.4,9.95,12.59,16.44,21.91,27.97,20700,26180,34190,45560,58170,
47-2041,Carpet Installers,,38320,4.6,16.79,34920,1.1,8.9,11.39,15.67,21.03,27.15,18500,23700,32590,43750,56480,
47-2042,"Floor Layers, Except Carpet, Wood, and Hard Tiles",,14840,10.7,16.82,34990,2.5,8.58,11.42,16.15,20.81,26.87,17850,23750,33590,43280,55890,
47-2043,Floor Sanders and Finishers,,7740,8.9,14.51,30180,2.7,8.96,10.38,13.22,16.97,22.51,18640,21600,27500,35300,46830,
47-2044,Tile and Marble Setters,,33550,4.8,18.15,37740,1.4,10.21,12.96,17.2,22.39,28.22,21240,26950,35770,46560,58690,
47-2051,Cement Masons and Concrete Finishers,,177930,2.2,16.25,33800,0.8,9.31,11.52,14.74,20.02,26.02,19350,23950,30660,41640,54120,
47-2053,Terrazzo Workers and Finishers,,6130,12.1,14.82,30830,3.2,8.94,10.46,13.42,17.72,23.7,18600,21760,27910,36850,49290,
47-2061,Construction Laborers,,830860,1,13.73,28570,0.5,7.58,9.33,11.9,17.06,23.36,15770,19410,24740,35490,48590,
47-2071,"Paving, Surfacing, and Tamping Equipment Operators",,58760,2.6,15.62,32490,1.3,9.07,10.73,13.87,19.12,25.99,18870,22330,28860,39760,54060,
47-2072,Pile-Driver Operators,,4670,7.4,22.1,45980,2.2,11.73,14.89,21.84,29.24,33.97,24400,30980,45420,60810,70660,
47-2073,Operating Engineers and Other Construction Equipment Operators,,343710,1.2,18.42,38320,0.5,10.61,12.96,16.94,22.98,28.93,22060,26950,35240,47790,60170,
47-2081,Drywall and Ceiling Tile Installers,,111600,2.6,17.48,36350,0.9,9.76,12.43,16.21,21.5,28.03,20300,25860,33710,44710,58300,
47-2082,Tapers,,33320,3.2,19.49,40550,0.9,11.07,14.57,18.75,24.68,29.32,23020,30300,39000,51330,60990,
47-2111,Electricians,,593010,1.3,21.11,43910,0.6,11.81,14.95,19.9,26.5,33.21,24560,31100,41390,55120,69090,
47-2121,Glaziers,,46950,4.3,16.67,34660,1.8,9.14,11.56,15.2,20.53,28.18,19010,24050,31620,42700,58610,
47-2130,Insulation Workers,,51740,4,15.63,32500,1.5,8.45,10.58,13.91,18.36,26.29,17580,22000,28930,38180,54690,
47-2141,"Painters, Construction and Maintenance",,257140,1.1,15.2,31620,0.4,9.1,11.08,13.98,18,23.9,18930,23050,29070,37440,49700,
47-2142,Paperhangers,,9450,6.6,16.21,33720,2.3,9.04,11.52,15.22,20.38,25.64,18800,23950,31650,42390,53320,
47-2151,Pipelayers,,52380,2.6,15.26,31740,0.9,9.2,10.96,13.7,18.43,24.31,19140,22810,28500,38330,50570,
47-2152,"Plumbers, Pipefitters, and Steamfitters",,438560,1.4,20.49,42630,0.7,11.23,14.68,19.31,25.87,32.27,23360,30540,40170,53820,67120,
47-2161,Plasterers and Stucco Masons,,54290,5.3,17.07,35500,1.3,9.94,12.33,15.91,20.67,26.81,20660,25640,33100,42990,55760,
47-2171,Reinforcing Iron and Rebar Workers,,29540,4.5,19.54,40640,1.8,10.07,12.72,17.66,25.74,31.4,20950,26460,36740,53530,65310,
47-2181,Roofers,,117140,1.8,15.88,33020,0.8,9.15,11.23,14.51,19.56,25.35,19040,23360,30180,40690,52740,
47-2211,Sheet Metal Workers,,197110,1.8,18.08,37620,0.7,9.5,12.15,16.62,23.03,29.53,19770,25270,34560,47900,61420,
47-2221,Structural Iron and Steel Workers,,74700,2.6,20.37,42360,1,10.81,14.45,19.55,26,31.81,22490,30060,40660,54080,66160,
47-3011,"Helpers--Brickmasons, Blockmasons, Stonemasons, and Tile and Marble Setters",,60740,2.7,13.06,27170,1,8.14,9.72,11.73,15.2,20.98,16940,20220,24390,31620,43630,
47-3012,Helpers--Carpenters,,97900,2.9,10.9,22670,0.8,7.23,8.5,10.34,12.69,15.37,15040,17690,21510,26390,31970,
47-3013,Helpers--Electricians,,97690,4,11.8,24540,1.2,7.76,9.26,11.1,13.92,16.87,16140,19250,23090,28950,35090,
47-3014,"Helpers--Painters, Paperhangers, Plasterers, and Stucco Masons",,31320,6.9,10.7,22260,1.8,7.17,8.05,9.66,12.12,15.67,14920,16750,20100,25210,32590,
47-3015,"Helpers--Pipelayers, Plumbers, Pipefitters, and Steamfitters",,78570,3.1,11.3,23510,0.7,7.61,8.99,10.69,13.11,16.15,15830,18690,22230,27280,33580,
47-3016,Helpers--Roofers,,21940,3.3,10.47,21780,1.3,7.24,8.26,9.85,11.77,14.49,15060,17170,20480,24490,30140,
47-4011,Construction and Building Inspectors,,75190,1.9,20.71,43070,0.6,12.53,15.81,20.01,25.05,30.1,26060,32890,41620,52110,62600,
47-4021,Elevator Installers and Repairers,,20920,5.4,25.74,53540,1.4,14.6,20.08,25.99,31.72,36.81,30370,41760,54070,65980,76570,
47-4031,Fence Erectors,,21730,11.6,12.1,25170,3.5,6.97,8.79,10.65,14.46,19.53,14500,18280,22160,30080,40620,
47-4041,Hazardous Materials Removal Workers,,37350,4.1,17.12,35610,1.9,10.29,12.37,15.61,22.18,26.6,21410,25740,32460,46130,55340,
47-4051,Highway Maintenance Workers,,146290,1.6,14.06,29250,0.5,8.58,10.65,13.65,16.98,20.7,17850,22150,28390,35320,43060,
47-4061,Rail-Track Laying and Maintenance Equipment Operators,,10450,6,16.75,34840,1.7,10.14,13.78,16.9,19.99,22.96,21090,28660,35160,41580,47750,
47-4071,Septic Tank Servicers and Sewer Pipe Cleaners,,15530,6.2,14.3,29750,1.7,8.04,10.45,13.43,17.15,21.42,16730,21740,27940,35680,44550,
47-4091,Segmental Pavers,,2100,10.2,14.25,29630,3.6,8.7,10.38,12.95,17.03,23.69,18090,21600,26940,35420,49280,
47-5011,"Derrick Operators, Oil and Gas",,14120,7.8,15.28,31780,1.8,9.83,11.54,14.34,17.43,22.83,20440,24000,29820,36250,47490,
47-5012,"Rotary Drill Operators, Oil and Gas",,13110,6,17.46,36320,1.8,10.73,13.05,16.23,20.51,26.41,22310,27140,33750,42650,54930,
47-5013,"Service Unit Operators, Oil, Gas, and Mining",,12310,6.1,15.13,31480,1.6,9.3,10.93,13.78,18.53,22.85,19340,22740,28670,38530,47520,
47-5021,"Earth Drillers, Except Oil and Gas",,19830,3.7,16.56,34450,1.3,10.03,12.34,15.62,19.82,24.74,20870,25660,32490,41230,51450,
47-5031,"Explosives Workers, Ordnance Handling Experts, and Blasters",,4850,6.2,17.33,36050,1.2,11.52,13.77,16.88,20.31,23.62,23970,28650,35110,42240,49140,
47-5041,Continuous Mining Machine Operators,,8100,4.5,17.06,35490,1.2,11.56,13.78,16.75,20.06,23.56,24050,28670,34850,41720,49000,
47-5042,Mine Cutting and Channeling Machine Operators,,5060,10.1,18.02,37490,1.7,12.52,15.14,18.07,21.03,23.15,26050,31490,37590,43740,48140,
47-5051,"Rock Splitters, Quarry",,2610,10.1,13.49,28070,1.9,7.98,9.94,12.58,15.67,19.9,16600,20670,26170,32590,41390,
47-5061,"Roof Bolters, Mining",,3980,5.6,18.28,38020,1.2,13.72,15.58,18.47,20.84,22.72,28530,32400,38430,43340,47260,
47-5071,"Roustabouts, Oil and Gas",,31960,7,11.62,24160,1.3,7.46,8.52,10.71,13.77,17.6,15510,17720,22280,28640,36620,
47-5081,Helpers--Extraction Workers,,28690,4.1,12.86,26750,1,8.07,9.7,12.12,15.53,18.58,16790,20170,25200,32310,38650,
49-0000,"Installation, Maintenance, and Repair Occupations",major,5215970,0.3,17.2,35780,0.2,9.02,11.84,16.26,21.64,27.01,18750,24620,33830,45020,56180,
49-1011,"First-Line Supervisors/Managers of Mechanics, Installers, and Repairers",,433640,0.6,24.05,50030,0.3,13.9,17.61,22.87,29.21,35.95,28900,36620,47580,60760,74780,
49-2011,"Computer, Automated Teller, and Office Machine Repairers",,135380,1.9,16.73,34810,0.5,9.99,12.44,15.98,20.38,25.06,20770,25870,33250,42390,52130,
49-2021,Radio Mechanics,,6960,6.3,18.37,38210,2,10.34,13.17,17.42,22.78,28.38,21500,27390,36230,47390,59040,
49-2022,"Telecommunications Equipment Installers and Repairers, Except Line Installers",,195680,1.9,21.9,45550,0.5,13.27,18.07,22.78,26.38,29.09,27600,37590,47380,54860,60500,
49-2091,Avionics Technicians,,21710,3,20.39,42410,0.8,14.01,17.44,20.21,23.91,27,29130,36270,42030,49740,56150,
49-2092,"Electric Motor, Power Tool, and Related Repairers",,28720,5.4,16.36,34030,1,9.32,11.82,15.49,19.99,25.34,19390,24590,32210,41570,52700,
49-2093,"Electrical and Electronics Installers and Repairers, Transportation Equipment",,17320,4,18.56,38590,1.3,10.68,13.85,18.56,22.96,26.87,22210,28800,38610,47750,55890,
49-2094,"Electrical and Electronics Repairers, Commercial and Industrial Equipment",,82320,2.7,19.6,40760,0.8,11.71,15.13,19.77,24.03,27.08,24350,31470,41110,49970,56320,
49-2095,"Electrical and Electronics Repairers, Powerhouse, Substation, and Relay",,20040,2.9,24.02,49970,0.8,15.92,20.81,24.85,27.9,32.08,33110,43280,51690,58030,66720,
49-2096,"Electronic Equipment Installers and Repairers, Motor Vehicles",,15200,12.9,13.27,27600,1.4,8.47,9.97,12.51,16.02,19.45,17620,20740,26010,33320,40460,
49-2097,Electronic Home Entertainment Equipment Installers and Repairers,,30600,4,14.01,29150,0.9,8.18,10.2,13.08,17,21.48,17020,21210,27200,35360,44680,
49-2098,Security and Fire Alarm Systems Installers,,43310,5.3,16.53,34390,1.9,9.84,12.26,15.56,20.05,24.99,20460,25490,32370,41700,51980,
49-3011,Aircraft Mechanics and Service Technicians,,125850,3.1,20.97,43620,1.1,13.16,16.94,20.71,25.23,28.92,27370,35240,43070,52480,60150,
49-3021,Automotive Body and Related Repairers,,175370,1.7,16.93,35200,0.8,8.7,11.64,15.71,20.94,27.1,18090,24210,32680,43560,56360,
49-3022,Automotive Glass Installers and Repairers,,19710,7.3,13.49,28050,1.8,7.91,9.9,12.93,16.58,20.24,16450,20590,26890,34490,42090,
49-3023,Automotive Service Technicians and Mechanics,,687380,0.8,15.79,32830,0.4,8.14,10.61,14.71,19.84,25.21,16930,22080,30590,41270,52430,
49-3031,Bus and Truck Mechanics and Diesel Engine Specialists,,254470,1.3,17.01,35380,0.3,10.66,13.13,16.53,20.54,24.61,22160,27310,34380,42730,51180,
49-3041,Farm Equipment Mechanics,,32330,3,13.44,27950,0.6,8.73,10.5,13.03,16.01,18.86,18150,21840,27100,33290,39220,
49-3042,"Mobile Heavy Equipment Mechanics, Except Engines",,113340,1.5,17.69,36790,0.3,11.54,14.13,17.29,20.88,24.9,24000,29390,35970,43430,51790,
49-3043,Rail Car Repairers,,13520,6.1,18.35,38170,1.1,12.07,15.65,18.78,21.18,23.76,25100,32550,39060,44060,49410,
49-3051,Motorboat Mechanics,,18550,2.6,14.57,30310,0.7,8.89,10.91,13.97,17.32,21.2,18480,22700,29050,36030,44100,
49-3052,Motorcycle Mechanics,,13030,2.5,13.8,28690,0.8,8.17,10.14,13.03,16.65,21.04,16990,21080,27100,34620,43770,
49-3053,Outdoor Power Equipment and Other Small Engine Mechanics,,25170,3.3,12.47,25950,1,7.39,9.45,11.93,14.99,18.24,15380,19660,24820,31180,37940,
49-3091,Bicycle Repairers,,7000,6.7,9.62,20000,1.8,6.64,7.68,9.25,11.15,13.34,13810,15980,19230,23190,27750,
49-3092,Recreational Vehicle Service Technicians,,12490,2.9,13.72,28530,0.8,8.64,10.44,13.02,16.32,20.07,17960,21720,27080,33940,41750,
49-3093,Tire Repairers and Changers,,81560,2.8,10.45,21730,1.1,7.18,8.12,9.69,11.86,14.98,14940,16900,20160,24670,31170,
49-9011,Mechanical Door Repairers,,10730,8.4,15.42,32080,3.1,8.98,10.92,14.03,18.68,24.45,18680,22710,29190,38850,50860,
49-9012,"Control and Valve Installers and Repairers, Except Mechanical Door",,36720,2.9,20.54,42730,0.8,11.54,15.18,20.9,25.82,29.44,24000,31570,43460,53710,61230,
49-9021,"Heating, Air Conditioning, and Refrigeration Mechanics and Installers",,206870,2.2,17.51,36430,0.5,10.34,12.95,16.78,21.37,26.2,21510,26930,34900,44450,54500,
49-9031,Home Appliance Repairers,,34750,3.1,15.47,32180,0.9,8.76,11.01,14.61,19.13,23.16,18210,22900,30390,39800,48170,
49-9041,Industrial Machinery Mechanics,,179640,1.4,18.95,39410,0.4,11.91,14.62,18.26,22.95,27.48,24780,30410,37980,47730,57150,
49-9042,"Maintenance and Repair Workers, General",,1212620,0.7,14.91,31010,0.4,8.25,10.61,14.12,18.48,22.78,17170,22080,29370,38440,47370,
49-9043,"Maintenance Workers, Machinery",,90500,1.2,16.23,33750,0.4,9.57,12.11,15.63,19.81,24.19,19900,25180,32520,41210,50330,
49-9044,Millwrights,,67900,4.1,20.5,42630,0.7,12.39,15.77,20.19,25.48,29.49,25780,32800,41990,52990,61340,
49-9045,"Refractory Materials Repairers, Except Brickmasons",,3330,8.9,17.43,36240,1.4,11.83,14.2,16.88,20.41,22.94,24610,29530,35100,42450,47720,
49-9051,Electrical Power-Line Installers and Repairers,,96040,2.1,22.68,47170,0.7,13.22,18.02,23.33,27.43,32.08,27490,37480,48530,57050,66720,
49-9052,Telecommunications Line Installers and Repairers,,156160,2.3,19.02,39560,0.8,10.31,13.36,19.06,24.7,27.7,21440,27790,39640,51380,57620,
49-9061,Camera and Photographic Equipment Repairers,,5220,11.4,15.57,32390,3.2,7.93,10.08,15.09,19.63,24.2,16480,20960,31390,40840,50340,
49-9062,Medical Equipment Repairers,,21770,5,18.39,38250,1.5,10.3,13.13,17.49,22.6,27.91,21410,27300,36380,47010,58050,
49-9063,Musical Instrument Repairers and Tuners,,4870,11.3,15.97,33210,6.7,7.77,10.2,14.15,19.88,29.52,16160,21210,29440,41360,61400,
49-9064,Watch Repairers,,3710,9.2,14.09,29310,2.1,7.59,9.76,12.77,17.12,22.08,15790,20310,26560,35610,45920,
49-9091,"Coin, Vending, and Amusement Machine Servicers and Repairers",,33520,3.2,13.58,28250,1,8.07,10.31,13.16,16.43,20.12,16770,21450,27380,34170,41850,
49-9092,Commercial Divers,,2930,18,21.93,45620,13.1,10.67,13.6,16.69,23.05,51.73,22200,28300,34710,47940,107590,
49-9093,"Fabric Menders, Except Garment",,2030,6.6,13.74,28580,2.2,7.53,8.73,12.35,18.94,21.39,15660,18170,25690,39390,44480,
49-9094,Locksmiths and Safe Repairers,,18970,3.5,14.54,30250,1,8.33,10.62,13.67,17.55,21.67,17320,22100,28430,36500,45060,
49-9095,Manufactured Building and Mobile Home Installers,,13780,7.9,11.51,23940,1.3,7.42,8.96,11.14,13.33,16.41,15430,18630,23170,27730,34130,
49-9096,Riggers,,13770,4.1,17.03,35420,1.5,9.69,12.44,16.25,20.48,25.48,20150,25860,33790,42610,53010,
49-9097,Signal and Track Switch Repairers,,7990,6.3,20.98,43640,1.3,15.83,18.58,20.85,23.74,26.96,32920,38640,43370,49390,56080,
49-9098,"Helpers--Installation, Maintenance, and Repair Workers",,148770,1.7,11.33,23560,0.5,6.87,8.11,10.31,13.56,17.72,14280,16870,21440,28190,36850,
51-0000,Production Occupations,major,10726670,0.3,13.55,28190,0.2,7.43,9.12,12.02,16.58,22.39,15440,18970,25000,34480,46580,
51-1011,First-Line Supervisors/Managers of Production and Operating Workers,,700490,0.4,22.08,45920,0.2,12.26,15.74,20.64,26.9,34.2,25500,32740,42930,55950,71130,
51-2011,"Aircraft Structure, Surfaces, Rigging, and Systems Assemblers",,25690,4.3,18.18,37810,3.3,10.01,13.08,18.71,23.48,26.74,20820,27200,38910,48840,55620,
51-2021,"Coil Winders, Tapers, and Finishers",,34710,2.8,11.88,24700,1.1,7.66,9.03,11.07,13.92,17.37,15920,18770,23020,28960,36130,
51-2022,Electrical and Electronic Equipment Assemblers,,267030,2,11.84,24640,0.5,7.57,9.02,11.03,13.84,17.38,15750,18760,22940,28790,36150,
51-2023,Electromechanical Equipment Assemblers,,57500,2.8,12.75,26510,0.8,7.92,9.64,12.15,15.23,18.72,16470,20040,25260,31680,38940,
51-2031,Engine and Other Machine Assemblers,,49280,5.2,14.93,31050,2,8.32,10.47,14.02,18.65,23.66,17310,21770,29170,38790,49210,
51-2041,Structural Metal Fabricators and Fitters,,87020,1.9,14.42,29990,0.7,9.25,11.11,13.76,16.96,20.74,19230,23100,28620,35280,43140,
51-2091,Fiberglass Laminators and Fabricators,,36470,3.6,12.61,26220,1.4,7.98,9.51,11.83,14.84,17.98,16590,19780,24610,30860,37400,
51-2092,Team Assemblers,,1139360,1,11.88,24710,0.6,7.41,8.81,10.9,13.84,17.73,15410,18320,22680,28790,36890,
51-2093,"Timing Device Assemblers, Adjusters, and Calibrators",,6230,5.7,12.58,26160,1.6,8.25,9.71,11.63,14.62,17.83,17170,20190,24190,30420,37090,
51-3011,Bakers,,161820,1.7,10.64,22120,0.6,6.78,7.9,9.89,12.79,16.09,14100,16420,20580,26610,33470,
51-3021,Butchers and Meat Cutters,,129840,1.4,13.06,27160,0.6,7.45,9.35,12.26,16.42,20.35,15490,19440,25500,34140,42330,
51-3022,"Meat, Poultry, and Fish Cutters and Trimmers",,150920,2.8,9.03,18790,0.6,6.86,7.59,8.57,10.18,11.94,14270,15800,17820,21170,24840,
51-3023,Slaughterers and Meat Packers,,126460,3,9.81,20410,0.7,7.38,8.48,9.79,11.01,12.63,15350,17650,20370,22900,26270,
51-3091,"Food and Tobacco Roasting, Baking, and Drying Machine Operators and Tenders",,19180,4.7,12.06,25080,2,7.12,8.68,11.18,14.66,18.5,14810,18050,23260,30490,38480,
51-3092,Food Batchmakers,,71930,2.8,11.17,23240,0.7,6.7,8.04,10.54,13.82,16.88,13930,16720,21920,28740,35110,
51-3093,Food Cooking Machine Operators and Tenders,,34140,3.3,11.13,23160,1.3,6.91,8.13,10.51,13.54,16.77,14380,16900,21860,28160,34890,
51-4011,"Computer-Controlled Machine Tool Operators, Metal and Plastic",,128400,1.6,14.57,30310,0.5,9.14,11.07,13.97,17.43,21.27,19010,23020,29050,36260,44250,
51-4012,Numerical Tool and Process Control Programmers,,18910,3.3,18.8,39100,0.9,11.53,14.52,18.04,22.23,27.37,23980,30200,37520,46240,56930,
51-4021,"Extruding and Drawing Machine Setters, Operators, and Tenders, Metal and Plastic",,96270,2.1,12.83,26690,0.6,8.13,9.94,12.44,15.1,17.82,16910,20670,25870,31410,37060,
51-4022,"Forging Machine Setters, Operators, and Tenders, Metal and Plastic",,44920,3.5,13.9,28910,1.6,7.73,9.7,12.64,16.87,23.89,16070,20180,26300,35100,49690,
51-4023,"Rolling Machine Setters, Operators, and Tenders, Metal and Plastic",,42270,3.5,14.19,29510,1,8.34,10.56,13.62,17.2,21.25,17360,21970,28330,35780,44210,
51-4031,"Cutting, Punching, and Press Machine Setters, Operators, and Tenders, Metal and Plastic",,277410,1.3,12.47,25940,0.4,7.96,9.55,11.81,14.62,17.82,16560,19860,24570,30410,37060,
51-4032,"Drilling and Boring Machine Tool Setters, Operators, and Tenders, Metal and Plastic",,51730,2.5,14.14,29400,0.9,8.64,10.46,13.23,16.9,21.77,17960,21760,27530,35160,45290,
51-4033,"Grinding, Lapping, Polishing, and Buffing Machine Tool Setters, Operators, and Tenders, Metal and Plastic",,99580,2.1,13.49,28070,1,8.11,9.92,12.56,16.12,20.55,16860,20620,26120,33530,42740,
51-4034,"Lathe and Turning Machine Tool Setters, Operators, and Tenders, Metal and Plastic",,72270,1.9,15.12,31450,0.7,9.5,11.58,14.55,17.91,22.09,19760,24090,30270,37250,45950,
51-4035,"Milling and Planing Machine Setters, Operators, and Tenders, Metal and Plastic",,30340,2.7,14.57,30300,0.8,8.74,10.86,14.04,17.48,21.53,18170,22590,29210,36360,44780,
51-4041,Machinists,,368320,1.2,16.06,33410,0.3,9.57,12.15,15.66,19.45,23.17,19900,25260,32570,40460,48190,
51-4051,Metal-Refining Furnace Operators and Tenders,,17120,2.8,15.37,31970,0.7,10.23,12.22,14.79,18.16,21.51,21280,25420,30770,37770,44730,
51-4052,"Pourers and Casters, Metal",,12900,3,14.05,29230,0.9,9.29,11.14,13.4,16.64,20.44,19330,23170,27880,34600,42520,
51-4061,"Model Makers, Metal and Plastic",,8360,4.8,18.92,39360,2.6,8.79,12.36,18.27,25.31,31.17,18290,25700,38000,52640,64840,
51-4062,"Patternmakers, Metal and Plastic",,6300,5.1,17.03,35420,2,8.7,11.76,16.09,21.32,28.08,18100,24460,33470,44350,58400,
51-4071,Foundry Mold and Coremakers,,21960,3.4,13.14,27340,1,8.43,10.26,12.55,15,18.78,17540,21340,26100,31200,39060,
51-4072,"Molding, Coremaking, and Casting Machine Setters, Operators, and Tenders, Metal and Plastic",,147060,2,12.12,25200,0.8,7.5,9.01,11.17,14.15,18.05,15610,18750,23230,29440,37550,
51-4081,"Multiple Machine Tool Setters, Operators, and Tenders, Metal and Plastic",,96560,2.2,14.93,31050,2.2,8.82,10.75,13.79,18.05,24.32,18340,22360,28690,37540,50580,
51-4111,Tool and Die Makers,,105210,1.9,20.98,43630,0.6,12.97,16.33,20.54,25.64,30.74,26970,33960,42730,53340,63940,
51-4121,"Welders, Cutters, Solderers, and Brazers",,361970,0.9,14.82,30820,0.3,9.41,11.41,14.02,17.34,21.79,19570,23720,29160,36070,45310,
51-4122,"Welding, Soldering, and Brazing Machine Setters, Operators, and Tenders",,56280,2,15.2,31620,1.6,9.36,11.22,13.9,17.77,24.6,19460,23340,28900,36950,51160,
51-4191,"Heat Treating Equipment Setters, Operators, and Tenders, Metal and Plastic",,28410,2.8,14.35,29860,1,9.11,10.93,13.56,17.1,21.42,18940,22740,28200,35570,44550,
51-4192,"Lay-Out Workers, Metal and Plastic",,12490,3,15.67,32600,1.4,9.25,11.77,14.79,18.31,23.08,19240,24490,30760,38090,48010,
51-4193,"Plating and Coating Machine Setters, Operators, and Tenders, Metal and Plastic",,41580,2.4,12.87,26780,0.6,8.16,9.85,12.22,15.31,18.64,16980,20480,25420,31840,38770,
51-4194,"Tool Grinders, Filers, and Sharpeners",,22700,2.9,14.94,31080,0.8,8.94,10.92,14.14,18,22.69,18600,22720,29400,37450,47200,
51-5011,Bindery Workers,,88740,1.8,11.53,23970,0.5,6.95,8.27,10.51,13.86,17.95,14460,17200,21860,28830,37330,
51-5012,Bookbinders,,7170,6,14.27,29680,1.5,7.84,9.88,13.31,17.73,21.9,16310,20550,27680,36870,45550,
51-5021,Job Printers,,49080,4.8,15.34,31910,1.3,8.59,10.98,14.47,18.91,23.06,17860,22840,30100,39330,47960,
51-5022,Prepress Technicians and Workers,,89370,1.3,15.88,33040,0.9,8.68,11.25,14.98,19.68,24.36,18050,23400,31150,40920,50660,
51-5023,Printing Machine Operators,,189590,1.2,14.8,30780,0.4,8.32,10.52,13.95,18.27,22.46,17300,21890,29010,38010,46720,
51-6011,Laundry and Dry-Cleaning Workers,,213840,1.5,8.53,17750,0.5,6.08,6.93,8.07,9.65,11.69,12650,14410,16780,20070,24310,
51-6021,"Pressers, Textile, Garment, and Related Materials",,87130,2.2,8.54,17770,0.8,6.2,7.07,8.21,9.73,11.32,12900,14710,17070,20240,23550,
51-6031,Sewing Machine Operators,,277800,1.4,8.99,18710,0.5,6.4,7.12,8.39,10.34,12.66,13320,14820,17440,21510,26340,
51-6041,Shoe and Leather Workers and Repairers,,9860,5.7,9.84,20460,1.6,6.64,7.49,9.14,11.45,14.38,13810,15590,19010,23820,29910,
51-6042,Shoe Machine Operators and Tenders,,6320,11.1,10.19,21180,2.9,6.9,8.02,9.9,11.74,14.04,14350,16690,20600,24430,29210,
51-6051,"Sewers, Hand",,19180,9.5,9.91,20610,3.5,6.59,7.43,8.69,10.95,14.53,13710,15460,18070,22770,30230,
51-6052,"Tailors, Dressmakers, and Custom Sewers",,29560,2.9,11.75,24450,0.9,6.97,8.32,10.68,14.21,17.93,14500,17310,22220,29560,37290,
51-6061,Textile Bleaching and Dyeing Machine Operators and Tenders,,25950,3.8,10.21,21230,0.9,6.97,8.17,10,11.76,13.65,14490,16980,20800,24460,28390,
51-6062,"Textile Cutting Machine Setters, Operators, and Tenders",,32970,3.3,10.35,21530,1,7.01,7.99,9.77,12.14,14.91,14580,16610,20320,25240,31010,
51-6063,"Textile Knitting and Weaving Machine Setters, Operators, and Tenders",,49410,2.5,11.16,23210,0.5,7.7,9.36,11.05,12.98,14.43,16010,19460,22970,27000,30010,
51-6064,"Textile Winding, Twisting, and Drawing Out Machine Setters, Operators, and Tenders",,62800,2.7,10.96,22810,1,8.4,9.48,10.54,11.88,13.79,17480,19720,21920,24700,28690,
51-6091,"Extruding and Forming Machine Setters, Operators, and Tenders, Synthetic and Glass Fibers",,26620,4.5,13.32,27710,1,8.71,10.75,13.22,15.89,17.79,18120,22370,27500,33040,37000,
51-6092,Fabric and Apparel Patternmakers,,10800,5.8,15.33,31890,2.3,7.65,9.65,12.67,18.84,27.12,15900,20080,26360,39180,56410,
51-6093,Upholsterers,,40380,2.9,12.78,26580,1,7.66,9.41,11.86,15.64,19.27,15920,19570,24670,32530,40070,
51-7011,Cabinetmakers and Bench Carpenters,,125220,1.7,12.32,25630,0.4,7.7,9.26,11.54,14.66,18.11,16020,19260,24000,30490,37660,
51-7021,Furniture Finishers,,30110,3.1,11.59,24110,0.7,7.47,8.92,10.92,13.54,17,15540,18540,22710,28160,35350,
51-7031,"Model Makers, Wood",,4350,16.8,13.35,27770,2.1,7.65,9.07,11.9,15.88,22.15,15910,18860,24740,33040,46080,
51-7032,"Patternmakers, Wood",,4130,6.9,14.99,31170,2.3,7.56,9.99,14.32,18.52,24.41,15730,20780,29780,38510,50780,
51-7041,"Sawing Machine Setters, Operators, and Tenders, Wood",,53520,2.3,11.12,23130,0.6,7.36,8.7,10.62,13.11,15.94,15300,18090,22080,27260,33160,
51-7042,"Woodworking Machine Setters, Operators, and Tenders, Except Sawing",,89860,1.8,11.13,23160,0.6,7.39,8.72,10.59,13.03,15.93,15370,18140,22030,27100,33140,
51-8011,Nuclear Power Reactor Operators,,3400,8.8,29.76,61910,1.3,23.11,25.51,29.36,33.93,38.4,48060,53060,61060,70580,79880,
51-8012,Power Distributors and Dispatchers,,11670,5,26.08,54240,0.9,16.66,21.03,26.02,31.44,36.26,34640,43750,54120,65390,75420,
51-8013,Power Plant Operators,,34390,2.9,23.61,49110,0.6,15.04,19.28,24,28.22,32.67,31290,40090,49920,58690,67950,
51-8021,Stationary Engineers and Boiler Operators,,52510,2.2,21.26,44220,0.7,12.67,16.28,20.79,26.23,31.39,26340,33860,43240,54550,65290,
51-8031,Water and Liquid Waste Treatment Plant and System Operators,,96970,1.8,16.64,34620,0.6,9.72,12.4,16.05,20.43,25.05,20220,25790,33390,42490,52110,
51-8091,Chemical Plant and System Operators,,55910,3.1,21,43680,0.7,13.87,17.44,21.12,25.2,28.19,28850,36280,43940,52410,58630,
51-8092,Gas Plant Operators,,11940,4,23.24,48340,0.8,16.21,19.53,23.24,27.19,31.44,33730,40620,48340,56550,65400,
51-8093,"Petroleum Pump System Operators, Refinery Operators, and Gaugers",,38500,4.9,22.85,47520,1.1,14.18,19.62,23.69,26.72,29.18,29490,40820,49280,55580,60690,
51-9011,Chemical Equipment Operators and Tenders,,56610,5.6,18.29,38040,1.1,11.46,14.35,18,22.11,26.17,23830,29850,37430,45990,54430,
51-9012,"Separating, Filtering, Clarifying, Precipitating, and Still Machine Setters, Operators, and Tenders",,35550,3.1,15.39,32010,2,8.92,11.36,14.59,18.79,23.13,18560,23630,30340,39070,48110,
51-9021,"Crushing, Grinding, and Polishing Machine Setters, Operators, and Tenders",,44370,2.7,13.46,28000,0.6,8.23,10.04,12.83,16.32,19.95,17120,20880,26690,33940,41490,
51-9022,"Grinding and Polishing Workers, Hand",,43370,2.4,11.99,24940,0.6,7.57,9,11.04,13.92,17.75,15750,18710,22970,28960,36930,
51-9023,"Mixing and Blending Machine Setters, Operators, and Tenders",,103940,1.7,13.7,28500,0.4,8.39,10.4,13.23,16.62,20.16,17440,21620,27530,34560,41930,
51-9031,"Cutters and Trimmers, Hand",,30910,3.4,11.84,24630,1.9,7.12,8.41,10.59,13.91,18.35,14810,17500,22020,28940,38160,
51-9032,"Cutting and Slicing Machine Setters, Operators, and Tenders",,75430,2.2,12.86,26760,0.6,7.93,9.69,12.35,15.62,18.58,16490,20150,25690,32490,38640,
51-9041,"Extruding, Forming, Pressing, and Compacting Machine Setters, Operators, and Tenders",,71500,2,13.49,28070,0.7,8.41,10.14,12.76,16.25,20.34,17490,21080,26540,33800,42320,
51-9051,"Furnace, Kiln, Oven, Drier, and Kettle Operators and Tenders",,29400,2.4,14.27,29690,0.8,8.87,10.81,13.56,17.3,21.44,18450,22480,28210,35970,44590,
51-9061,"Inspectors, Testers, Sorters, Samplers, and Weighers",,500250,0.9,14.31,29760,0.4,7.81,9.84,13.01,17.46,23.56,16240,20470,27060,36320,49010,
51-9071,Jewelers and Precious Stone and Metal Workers,,28970,4.8,14.11,29350,2,7.22,9.4,12.63,16.98,21.94,15030,19550,26260,35310,45620,
51-9081,Dental Laboratory Technicians,,40440,3.3,15.17,31560,1,8.16,10.51,13.7,18.4,23.65,16980,21860,28500,38270,49180,
51-9082,Medical Appliance Technicians,,11870,10,15.07,31340,3.2,8.26,10.06,13.31,17.85,23.46,17190,20920,27680,37130,48810,
51-9083,Ophthalmic Laboratory Technicians,,32920,5.8,11.18,23260,0.8,7.56,8.73,10.46,13.05,16.4,15730,18150,21760,27140,34120,
51-9111,Packaging and Filling Machine Operators and Tenders,,390380,3.5,11.18,23260,0.7,6.89,8.06,10.2,13.46,17.1,14320,16760,21210,28000,35580,
51-9121,"Coating, Painting, and Spraying Machine Setters, Operators, and Tenders",,91950,1.6,12.85,26730,0.6,8.11,9.81,12.16,15.17,18.73,16870,20400,25290,31550,38970,
51-9122,"Painters, Transportation Equipment",,45670,2.6,17.17,35700,1,9.7,12.31,16.13,21.4,26.48,20180,25610,33550,44510,55080,
51-9123,"Painting, Coating, and Decorating Workers",,30830,2.9,11.07,23020,0.8,7.04,8.16,10.19,13.08,16.72,14650,16980,21200,27200,34780,
51-9131,Photographic Process Workers,,27360,3.8,11.07,23020,1.1,6.79,7.84,9.72,13.08,17.43,14110,16300,20220,27210,36250,
51-9132,Photographic Processing Machine Operators,,52290,2.9,10.13,21080,1.1,6.53,7.53,9.05,11.63,15.6,13570,15650,18820,24200,32450,
51-9141,Semiconductor Processors,,43630,8.3,14.01,29140,1.4,9.28,10.76,13.14,16.39,20.35,19310,22380,27340,34090,42330,
51-9191,Cementing and Gluing Machine Operators and Tenders,,26880,2.6,11.81,24560,0.7,7.48,8.96,11.15,14.22,17.2,15550,18630,23190,29590,35780,
51-9192,"Cleaning, Washing, and Metal Pickling Equipment Operators and Tenders",,18010,3,11.91,24780,1,7.45,8.84,10.99,14.23,17.86,15490,18390,22850,29600,37140,
51-9193,Cooling and Freezing Equipment Operators and Tenders,,7280,3.8,11.41,23730,1.6,6.81,8.14,10.21,13.79,18.49,14160,16920,21240,28680,38460,
51-9194,Etchers and Engravers,,9130,4.6,12.15,25270,1.6,7.1,8.61,10.79,13.87,18.58,14780,17900,22450,28840,38640,
51-9195,"Molders, Shapers, and Casters, Except Metal and Plastic",,36240,3.6,12.65,26320,1.8,7.52,9.32,11.87,15.31,19.28,15650,19390,24700,31840,40100,
51-9196,"Paper Goods Machine Setters, Operators, and Tenders",,114390,2.6,14.07,29260,0.9,8.48,10.85,13.59,16.77,20.67,17650,22570,28280,34890,42990,
51-9197,Tire Builders,,13020,10.3,17.3,35990,2.5,9.35,12.23,18.67,21.53,25.25,19440,25430,38840,44790,52530,
51-9198,Helpers--Production Workers,,464390,2,9.97,20730,0.5,6.59,7.59,9.25,11.54,14.63,13710,15790,19240,23990,30430,
53-0000,Transportation and Material Moving Occupations,major,9395000,0.4,13.09,27220,0.4,6.78,8.24,11.15,15.88,21.45,14100,17140,23180,33030,44610,
53-1011,Aircraft Cargo Handling Supervisors,,8920,3.7,19.82,41220,1.7,10.57,13.08,17.9,25.09,32.72,21990,27200,37220,52190,68060,
53-1021,"First-Line Supervisors/Managers of Helpers, Laborers, and Material Movers, Hand",,147180,0.9,18.96,39430,0.3,10.88,13.84,17.87,22.78,28.31,22630,28790,37180,47380,58890,
53-1031,First-Line Supervisors/Managers of Transportation and Material-Moving Machine and Vehicle Operators,,207280,1.1,21.96,45670,0.5,12.12,15.54,20.63,26.24,33.51,25210,32320,42910,54580,69690,
53-2011,"Airline Pilots, Copilots, and Flight Engineers",,78810,4.3,*,***,***,*,*,*,*,*,***,***,***,***,***,TRUE
53-2012,Commercial Pilots,,19570,3.9,*,58000,3.9,*,*,*,*,*,26100,33830,47970,70140,101460,TRUE
53-2021,Air Traffic Controllers,,23410,1.2,42.35,88090,0.8,22.31,31.48,44.04,54.11,63.28,46410,65480,91600,112550,131610,
53-2022,Airfield Operations Specialists,,5910,4.1,19.64,40850,2.4,9.4,12.07,17.31,26.13,32.74,19550,25110,36010,54340,68090,
53-3011,"Ambulance Drivers and Attendants, Except Emergency Medical Technicians",,17280,4.4,10.02,20840,1.5,6.37,7.46,9.18,11.35,14.23,13240,15510,19100,23610,29590,
53-3021,"Bus Drivers, Transit and Intercity",,197090,2.9,14.81,30810,1.9,8.37,10.51,14.22,18.99,22.51,17410,21870,29580,39510,46820,
53-3022,"Bus Drivers, School",,468790,1.4,11.01,22890,0.6,6.24,7.73,10.77,13.53,16.44,12970,16080,22390,28140,34190,
53-3031,Driver/Sales Workers,,368730,2.1,11.43,23780,1.6,6.07,6.98,9.92,14.7,19.6,12620,14520,20640,30580,40770,
53-3032,"Truck Drivers, Heavy and Tractor-Trailer",,1520880,0.7,16.52,34350,0.3,10.01,12.51,15.97,20.01,23.75,20820,26020,33210,41610,49400,
53-3033,"Truck Drivers, Light Or Delivery Services",,977920,1,12.65,26320,0.4,7.03,8.75,11.48,15.57,20.68,14630,18200,23870,32390,43010,
53-3041,Taxi Drivers and Chauffeurs,,125720,2.9,10.01,20830,1.4,6.31,7.31,8.91,11.45,15.18,13120,15200,18530,23810,31570,
53-4011,Locomotive Engineers,,28250,6.4,24.66,51280,3.1,14.23,17.41,23.28,30.28,40.14,29600,36200,48420,62980,83490,
53-4012,Locomotive Firers,,710,11.8,21.58,44880,1.9,14.14,18.2,22.02,26.19,28.15,29410,37860,45800,54470,58550,
53-4013,"Rail Yard Engineers, Dinkey Operators, and Hostlers",,4600,6.5,19.52,40600,2.1,12.54,15.17,18.07,21,25.12,26090,31550,37590,43680,52260,
53-4021,"Railroad Brake, Signal, and Switch Operators",,15030,5.7,21.99,45750,1.3,13.32,17.13,20.93,26.32,33.12,27710,35620,43520,54750,68900,
53-4031,Railroad Conductors and Yardmasters,,38070,5.3,23.69,49280,2.6,15.19,18.1,21.39,28.61,37.88,31600,37650,44490,59510,78790,
53-4041,Subway and Streetcar Operators,,7250,6.6,22.51,46810,4,17.87,20.48,23.54,25.8,27.16,37160,42600,48970,53670,56500,
53-5011,Sailors and Marine Oilers,,25360,3.8,14.69,30550,1.3,7.92,10.29,13.64,18.74,22.16,16470,21400,28370,38990,46090,
53-5021,"Captains, Mates, and Pilots of Water Vessels",,22530,3.5,24.73,51430,1.3,12.28,17.48,23.97,30.2,37.04,25540,36360,49850,62810,77050,
53-5022,Motorboat Operators,,3600,18.7,14.71,30590,6.3,7.51,8.77,12.71,19.83,24.84,15620,18240,26440,41250,51670,
53-5031,Ship Engineers,,8020,6.6,25.09,52190,1.7,12.95,18.31,24.61,31.51,37.37,26930,38080,51190,65540,77740,
53-6011,Bridge and Lock Tenders,,3900,7.5,15.17,31560,2.2,7.6,9.87,16.98,19.52,21.17,15800,20530,35310,40610,44030,
53-6021,Parking Lot Attendants,,108460,2.2,8.3,17270,0.6,6.1,6.89,7.84,9.12,11.17,12690,14320,16320,18970,23230,
53-6031,Service Station Attendants,,102550,2.1,8.54,17770,0.7,6.19,6.98,7.97,9.36,11.68,12880,14520,16570,19470,24300,
53-6041,Traffic Technicians,,5370,2,16.5,34320,1.7,9.52,11.6,15.22,20.61,26.06,19810,24140,31650,42860,54200,
53-6051,Transportation Inspectors,,28340,2.5,23.06,47970,1.3,10.54,16.68,23.3,27.91,36.12,21930,34690,48450,58050,75120,
53-7011,Conveyor Operators and Tenders,,59240,2.4,12.4,25790,0.8,8.04,9.6,11.66,14.23,18.39,16730,19970,24250,29590,38250,
53-7021,Crane and Tower Operators,,49060,2.6,18.42,38320,1.2,11.07,13.5,17.47,22.07,28.02,23030,28080,36330,45910,58280,
53-7031,Dredge Operators,,2850,10.6,14.3,29740,2.9,8.17,10.25,13.33,17.1,22.71,16990,21310,27730,35570,47240,
53-7032,Excavating and Loading Machine and Dragline Operators,,67210,3.6,16.77,34880,1.8,10.01,12.26,15.58,20.56,26.15,20820,25500,32410,42760,54390,
53-7033,"Loading Machine Operators, Underground Mining",,3200,8.5,15.62,32480,1.9,10.25,12.4,15.35,18.47,21.72,21320,25790,31930,38420,45180,
53-7041,Hoist and Winch Operators,,8970,5.8,17.29,35960,2.3,9.45,11.47,15.09,21.02,30.85,19650,23850,31400,43730,64160,
53-7051,Industrial Truck and Tractor Operators,,586660,0.8,13.34,27740,0.4,8.82,10.28,12.54,15.59,19.52,18360,21380,26070,32430,40590,
53-7061,Cleaners of Vehicles and Equipment,,311070,1,9.05,18830,0.4,6.12,6.94,8.2,10.31,13.32,12740,14430,17060,21450,27710,
53-7062,"Laborers and Freight, Stock, and Material Movers, Hand",,2217590,1.1,10.32,21460,0.3,6.64,7.69,9.48,11.94,15.49,13820,15990,19710,24830,32220,
53-7063,Machine Feeders and Offbearers,,162670,1.6,11.23,23360,0.5,7.28,8.53,10.5,13.19,16.63,15130,17740,21840,27440,34600,
53-7064,"Packers and Packagers, Hand",,927740,1.1,8.73,18160,0.3,6.12,6.89,8.03,10.03,12.65,12720,14340,16700,20860,26310,
53-7071,Gas Compressor and Gas Pumping Station Operators,,6920,10.8,20.64,42920,2.8,12.77,16.12,20.44,25.01,28.73,26550,33530,42510,52030,59750,
53-7072,"Pump Operators, Except Wellhead Pumpers",,12360,10.6,18.58,38640,2.6,9.47,12.66,17.53,24.99,28.17,19700,26330,36470,51980,58590,
53-7073,Wellhead Pumpers,,10280,12.5,16.48,34290,2.3,9.33,12.18,16.24,20.94,23.74,19420,25330,33770,43560,49370,
53-7081,Refuse and Recyclable Material Collectors,,132290,4.1,12.55,26090,2.1,6.28,8.18,11.6,15.92,21.07,13070,17010,24130,33120,43820,
53-7111,Shuttle Car Operators,,3070,6.3,17.81,37050,1.2,13.09,15.17,18.44,20.71,22.17,27230,31550,38360,43070,46120,
53-7121,"Tank Car, Truck, and Ship Loaders",,16960,5.3,17.03,35420,2.1,9.52,11.83,15.63,21.81,27.38,19810,24600,32500,45360,56940,